<?xml version="1.0" encoding="UTF-8"?>

<adherehistories>
  <adherehistory>
    <history_id>1</history_id>
    <patient_id>3979</patient_id>
    <facility_id>523</facility_id>
    <date_visit>2015-06-16</date_visit>
    <reason>17. Afraid of/affected by drug side effects</reason>
    <time_stamp>2019-04-11 23:09:41.404</time_stamp>
    <uploaded></uploaded>
    <time_uploaded></time_uploaded>
    <uuid>623069ea-8eae-4125-bb08-3d53f59be2c4</uuid>
    <hospital_num>PM.4341/004010</hospital_num>
  </adherehistory>
  <adherehistory>
    <history_id>2</history_id>
    <patient_id>3979</patient_id>
    <facility_id>523</facility_id>
    <date_visit>2015-06-16</date_visit>
    <reason>17. Afraid of/affected by drug side effects</reason>
    <time_stamp>2019-04-11 23:09:41.405</time_stamp>
    <uploaded></uploaded>
    <time_uploaded></time_uploaded>
    <uuid>37a2e4d6-df7e-4198-afa5-3a99a7863a84</uuid>
    <hospital_num>PM.4341/004010</hospital_num>
  </adherehistory>
  <adherehistory>
    <history_id>3</history_id>
    <patient_id>1390</patient_id>
    <facility_id>523</facility_id>
    <date_visit>2016-01-06</date_visit>
    <reason>3. Change in routine/away from house</reason>
    <time_stamp>2019-04-11 23:09:41.405</time_stamp>
    <uploaded></uploaded>
    <time_uploaded></time_uploaded>
    <uuid>57a01537-f295-43e3-97ff-ff27d291184c</uuid>
    <hospital_num>TI.4174/090355</hospital_num>
  </adherehistory>
  <adherehistory>
    <history_id>4</history_id>
    <patient_id>1390</patient_id>
    <facility_id>523</facility_id>
    <date_visit>2016-01-06</date_visit>
    <reason>14. Did not want others to know</reason>
    <time_stamp>2019-04-11 23:09:41.416</time_stamp>
    <uploaded></uploaded>
    <time_uploaded></time_uploaded>
    <uuid>d472af70-9c26-4b04-8e0e-9017e4965d9b</uuid>
    <hospital_num>TI.4174/090355</hospital_num>
  </adherehistory>
  <adherehistory>
    <history_id>5</history_id>
    <patient_id>1390</patient_id>
    <facility_id>523</facility_id>
    <date_visit>2016-01-06</date_visit>
    <reason>3. Change in routine/away from house</reason>
    <time_stamp>2019-04-11 23:09:41.423</time_stamp>
    <uploaded></uploaded>
    <time_uploaded></time_uploaded>
    <uuid>7f43adee-1c73-42c7-9b90-4c098e479815</uuid>
    <hospital_num>TI.4174/090355</hospital_num>
  </adherehistory>
  <adherehistory>
    <history_id>6</history_id>
    <patient_id>5524</patient_id>
    <facility_id>523</facility_id>
    <date_visit>2015-03-04</date_visit>
    <reason>14. Did not want others to know</reason>
    <time_stamp>2019-04-11 23:09:41.423</time_stamp>
    <uploaded></uploaded>
    <time_uploaded></time_uploaded>
    <uuid>2d1b5beb-810a-42d0-be16-b3c1a482ec7f</uuid>
    <hospital_num>CT.4076/090267</hospital_num>
  </adherehistory>
  <adherehistory>
    <history_id>7</history_id>
    <patient_id>5524</patient_id>
    <facility_id>523</facility_id>
    <date_visit>2015-03-04</date_visit>
    <reason>14. Did not want others to know</reason>
    <time_stamp>2019-04-11 23:09:41.423</time_stamp>
    <uploaded></uploaded>
    <time_uploaded></time_uploaded>
    <uuid>931a9e77-9e7e-4121-b367-3b041e4cad5b</uuid>
    <hospital_num>CT.4076/090267</hospital_num>
  </adherehistory>
  <adherehistory>
    <history_id>8</history_id>
    <patient_id>1395</patient_id>
    <facility_id>523</facility_id>
    <date_visit>2017-05-30</date_visit>
    <reason>7. Ran out of medications</reason>
    <time_stamp>2019-04-11 23:09:41.423</time_stamp>
    <uploaded></uploaded>
    <time_uploaded></time_uploaded>
    <uuid>03a3200b-32f2-44f7-9ae7-7f0d9d783c68</uuid>
    <hospital_num>CT.3946/089467</hospital_num>
  </adherehistory>
  <adherehistory>
    <history_id>9</history_id>
    <patient_id>1991</patient_id>
    <facility_id>523</facility_id>
    <date_visit>2016-04-05</date_visit>
    <reason>14. Did not want others to know</reason>
    <time_stamp>2019-04-11 23:09:41.423</time_stamp>
    <uploaded></uploaded>
    <time_uploaded></time_uploaded>
    <uuid>e24e65cc-3067-48d3-bc1d-cda74ee316ba</uuid>
    <hospital_num>CT.3967/089614</hospital_num>
  </adherehistory>
  <adherehistory>
    <history_id>10</history_id>
    <patient_id>1486</patient_id>
    <facility_id>523</facility_id>
    <date_visit>2015-11-17</date_visit>
    <reason>2. Fell asleep/slept throug dose</reason>
    <time_stamp>2019-04-11 23:09:41.44</time_stamp>
    <uploaded></uploaded>
    <time_uploaded></time_uploaded>
    <uuid>b9e1a7ad-1702-4265-aa3d-45f3232211a8</uuid>
    <hospital_num>PI.3963/089607</hospital_num>
  </adherehistory>
  <adherehistory>
    <history_id>11</history_id>
    <patient_id>838</patient_id>
    <facility_id>523</facility_id>
    <date_visit>2017-06-14</date_visit>
    <reason>18. Others</reason>
    <time_stamp>2019-04-11 23:09:41.44</time_stamp>
    <uploaded></uploaded>
    <time_uploaded></time_uploaded>
    <uuid>a9fc365f-ed56-41d9-b03f-ecb8f39c674d</uuid>
    <hospital_num>CT.4569/092600</hospital_num>
  </adherehistory>
  <adherehistory>
    <history_id>12</history_id>
    <patient_id>217</patient_id>
    <facility_id>523</facility_id>
    <date_visit>2015-12-02</date_visit>
    <reason>10. Felt well</reason>
    <time_stamp>2019-04-11 23:09:41.454</time_stamp>
    <uploaded></uploaded>
    <time_uploaded></time_uploaded>
    <uuid>f8a4f7e7-93eb-41cf-a0f7-27442edb0db8</uuid>
    <hospital_num>PI.3831/088899</hospital_num>
  </adherehistory>
  <adherehistory>
    <history_id>13</history_id>
    <patient_id>217</patient_id>
    <facility_id>523</facility_id>
    <date_visit>2015-12-02</date_visit>
    <reason>10. Felt well</reason>
    <time_stamp>2019-04-11 23:09:41.456</time_stamp>
    <uploaded></uploaded>
    <time_uploaded></time_uploaded>
    <uuid>c8227e7f-77ff-4d57-ac91-83f1d948ac30</uuid>
    <hospital_num>PI.3831/088899</hospital_num>
  </adherehistory>
  <adherehistory>
    <history_id>14</history_id>
    <patient_id>207</patient_id>
    <facility_id>523</facility_id>
    <date_visit>2014-08-12</date_visit>
    <reason>16. Did not want to take meds</reason>
    <time_stamp>2019-04-11 23:09:41.463</time_stamp>
    <uploaded></uploaded>
    <time_uploaded></time_uploaded>
    <uuid>e6ff984a-cc44-4bef-8df1-e27f77dcc259</uuid>
    <hospital_num>PI.3702/088201</hospital_num>
  </adherehistory>
  <adherehistory>
    <history_id>15</history_id>
    <patient_id>207</patient_id>
    <facility_id>523</facility_id>
    <date_visit>2014-08-12</date_visit>
    <reason>10. Felt well</reason>
    <time_stamp>2019-04-11 23:09:41.466</time_stamp>
    <uploaded></uploaded>
    <time_uploaded></time_uploaded>
    <uuid>be78881c-7f57-426f-90e8-f5a39802e8e7</uuid>
    <hospital_num>PI.3702/088201</hospital_num>
  </adherehistory>
  <adherehistory>
    <history_id>16</history_id>
    <patient_id>207</patient_id>
    <facility_id>523</facility_id>
    <date_visit>2014-08-12</date_visit>
    <reason>14. Did not want others to know</reason>
    <time_stamp>2019-04-11 23:09:41.471</time_stamp>
    <uploaded></uploaded>
    <time_uploaded></time_uploaded>
    <uuid>795c0ef8-60d3-4a15-b0e4-7b58f70ad4d1</uuid>
    <hospital_num>PI.3702/088201</hospital_num>
  </adherehistory>
  <adherehistory>
    <history_id>17</history_id>
    <patient_id>207</patient_id>
    <facility_id>523</facility_id>
    <date_visit>2014-08-12</date_visit>
    <reason>16. Did not want to take meds</reason>
    <time_stamp>2019-04-11 23:09:41.476</time_stamp>
    <uploaded></uploaded>
    <time_uploaded></time_uploaded>
    <uuid>874c5e00-7018-42f8-8da9-a4f43800f76b</uuid>
    <hospital_num>PI.3702/088201</hospital_num>
  </adherehistory>
  <adherehistory>
    <history_id>18</history_id>
    <patient_id>957</patient_id>
    <facility_id>523</facility_id>
    <date_visit>2017-04-17</date_visit>
    <reason>18. Others</reason>
    <time_stamp>2019-04-11 23:09:41.48</time_stamp>
    <uploaded></uploaded>
    <time_uploaded></time_uploaded>
    <uuid>33875c69-6cb9-4f59-976c-932e660a47d4</uuid>
    <hospital_num>CT.4817/094794</hospital_num>
  </adherehistory>
  <adherehistory>
    <history_id>19</history_id>
    <patient_id>957</patient_id>
    <facility_id>523</facility_id>
    <date_visit>2017-04-17</date_visit>
    <reason>18. Others</reason>
    <time_stamp>2019-04-11 23:09:41.484</time_stamp>
    <uploaded></uploaded>
    <time_uploaded></time_uploaded>
    <uuid>bf5a2c95-dd04-447a-a7ee-8ca48fdaeb6c</uuid>
    <hospital_num>CT.4817/094794</hospital_num>
  </adherehistory>
  <adherehistory>
    <history_id>20</history_id>
    <patient_id>1527</patient_id>
    <facility_id>523</facility_id>
    <date_visit>2017-05-18</date_visit>
    <reason>14. Did not want others to know</reason>
    <time_stamp>2019-04-11 23:09:41.49</time_stamp>
    <uploaded></uploaded>
    <time_uploaded></time_uploaded>
    <uuid>b6b192f8-de5f-43fc-b360-dab4dc56bfcd</uuid>
    <hospital_num>CT.3569/087540</hospital_num>
  </adherehistory>
  <adherehistory>
    <history_id>21</history_id>
    <patient_id>1527</patient_id>
    <facility_id>523</facility_id>
    <date_visit>2017-05-18</date_visit>
    <reason>14. Did not want others to know</reason>
    <time_stamp>2019-04-11 23:09:41.495</time_stamp>
    <uploaded></uploaded>
    <time_uploaded></time_uploaded>
    <uuid>04e047c6-cfa8-41ec-9e3b-db07a0d5d0e6</uuid>
    <hospital_num>CT.3569/087540</hospital_num>
  </adherehistory>
  <adherehistory>
    <history_id>22</history_id>
    <patient_id>1782</patient_id>
    <facility_id>523</facility_id>
    <date_visit>2017-09-18</date_visit>
    <reason>10. Felt well</reason>
    <time_stamp>2019-04-11 23:09:41.498</time_stamp>
    <uploaded></uploaded>
    <time_uploaded></time_uploaded>
    <uuid>f6cbd857-f463-4835-b9a2-90a49ddab7bb</uuid>
    <hospital_num>CT.4810/094773</hospital_num>
  </adherehistory>
  <adherehistory>
    <history_id>23</history_id>
    <patient_id>2034</patient_id>
    <facility_id>523</facility_id>
    <date_visit>2016-07-05</date_visit>
    <reason>14. Did not want others to know</reason>
    <time_stamp>2019-04-11 23:09:41.504</time_stamp>
    <uploaded></uploaded>
    <time_uploaded></time_uploaded>
    <uuid>99a0c649-16c1-4a99-8bb5-f6642d74f421</uuid>
    <hospital_num>PI.117/062028</hospital_num>
  </adherehistory>
  <adherehistory>
    <history_id>24</history_id>
    <patient_id>2034</patient_id>
    <facility_id>523</facility_id>
    <date_visit>2016-07-05</date_visit>
    <reason>10. Felt well</reason>
    <time_stamp>2019-04-11 23:09:41.506</time_stamp>
    <uploaded></uploaded>
    <time_uploaded></time_uploaded>
    <uuid>cdc74d1f-166d-4abd-ad2f-2406331db0c6</uuid>
    <hospital_num>PI.117/062028</hospital_num>
  </adherehistory>
  <adherehistory>
    <history_id>25</history_id>
    <patient_id>2034</patient_id>
    <facility_id>523</facility_id>
    <date_visit>2016-07-05</date_visit>
    <reason>14. Did not want others to know</reason>
    <time_stamp>2019-04-11 23:09:41.506</time_stamp>
    <uploaded></uploaded>
    <time_uploaded></time_uploaded>
    <uuid>3cfd3619-1a7a-434b-a903-9b54bd35460c</uuid>
    <hospital_num>PI.117/062028</hospital_num>
  </adherehistory>
  <adherehistory>
    <history_id>26</history_id>
    <patient_id>2366</patient_id>
    <facility_id>523</facility_id>
    <date_visit>2017-04-04</date_visit>
    <reason>17. Afraid of/affected by drug side effects</reason>
    <time_stamp>2019-04-11 23:09:41.523</time_stamp>
    <uploaded></uploaded>
    <time_uploaded></time_uploaded>
    <uuid>62e0b92b-668d-4e5b-9750-d78a0d5fe7e2</uuid>
    <hospital_num>CT.4467/091980</hospital_num>
  </adherehistory>
  <adherehistory>
    <history_id>27</history_id>
    <patient_id>2366</patient_id>
    <facility_id>523</facility_id>
    <date_visit>2017-04-04</date_visit>
    <reason>16. Did not want to take meds</reason>
    <time_stamp>2019-04-11 23:09:41.525</time_stamp>
    <uploaded></uploaded>
    <time_uploaded></time_uploaded>
    <uuid>90199c3e-2cb2-4a6c-9a6c-cfa7ec23db2c</uuid>
    <hospital_num>CT.4467/091980</hospital_num>
  </adherehistory>
  <adherehistory>
    <history_id>28</history_id>
    <patient_id>2366</patient_id>
    <facility_id>523</facility_id>
    <date_visit>2017-04-04</date_visit>
    <reason>17. Afraid of/affected by drug side effects</reason>
    <time_stamp>2019-04-11 23:09:41.529</time_stamp>
    <uploaded></uploaded>
    <time_uploaded></time_uploaded>
    <uuid>bdf7d871-ea67-40bb-8a10-da120470863a</uuid>
    <hospital_num>CT.4467/091980</hospital_num>
  </adherehistory>
  <adherehistory>
    <history_id>29</history_id>
    <patient_id>2865</patient_id>
    <facility_id>523</facility_id>
    <date_visit>2013-11-06</date_visit>
    <reason>4. Busy/working/at school</reason>
    <time_stamp>2019-04-11 23:09:41.532</time_stamp>
    <uploaded></uploaded>
    <time_uploaded></time_uploaded>
    <uuid>281e2723-1cab-488a-b7ed-0e4c1d3b4b49</uuid>
    <hospital_num>PI.3676/087893</hospital_num>
  </adherehistory>
  <adherehistory>
    <history_id>30</history_id>
    <patient_id>2865</patient_id>
    <facility_id>523</facility_id>
    <date_visit>2013-11-06</date_visit>
    <reason>4. Busy/working/at school</reason>
    <time_stamp>2019-04-11 23:09:41.534</time_stamp>
    <uploaded></uploaded>
    <time_uploaded></time_uploaded>
    <uuid>c70486cd-bcc3-4a44-b243-62f0f6e99669</uuid>
    <hospital_num>PI.3676/087893</hospital_num>
  </adherehistory>
  <adherehistory>
    <history_id>31</history_id>
    <patient_id>5468</patient_id>
    <facility_id>523</facility_id>
    <date_visit>2015-05-06</date_visit>
    <reason>6.Patient moved</reason>
    <time_stamp>2019-04-11 23:09:41.538</time_stamp>
    <uploaded></uploaded>
    <time_uploaded></time_uploaded>
    <uuid>6068e306-caaa-46ef-ada5-0a1ed503eb68</uuid>
    <hospital_num>CT.3602/087662</hospital_num>
  </adherehistory>
  <adherehistory>
    <history_id>32</history_id>
    <patient_id>5468</patient_id>
    <facility_id>523</facility_id>
    <date_visit>2015-10-28</date_visit>
    <reason>10. Felt well</reason>
    <time_stamp>2019-04-11 23:09:41.541</time_stamp>
    <uploaded></uploaded>
    <time_uploaded></time_uploaded>
    <uuid>33ae9098-b431-421e-9892-75f1bdb15ea7</uuid>
    <hospital_num>CT.3602/087662</hospital_num>
  </adherehistory>
  <adherehistory>
    <history_id>33</history_id>
    <patient_id>2371</patient_id>
    <facility_id>523</facility_id>
    <date_visit>2013-06-26</date_visit>
    <reason>10. Felt well</reason>
    <time_stamp>2019-04-11 23:09:41.544</time_stamp>
    <uploaded></uploaded>
    <time_uploaded></time_uploaded>
    <uuid>26d63fdd-7c29-4aa3-b179-ae2845243a80</uuid>
    <hospital_num>CT.2281/080025</hospital_num>
  </adherehistory>
  <adherehistory>
    <history_id>34</history_id>
    <patient_id>2371</patient_id>
    <facility_id>523</facility_id>
    <date_visit>2013-06-26</date_visit>
    <reason>14. Did not want others to know</reason>
    <time_stamp>2019-04-11 23:09:41.546</time_stamp>
    <uploaded></uploaded>
    <time_uploaded></time_uploaded>
    <uuid>cd4ddc42-2edb-4d3d-ac73-282b5e2a1f48</uuid>
    <hospital_num>CT.2281/080025</hospital_num>
  </adherehistory>
</adherehistories>
