<?xml version="1.0" encoding="UTF-8"?>

<adrhistories>
  <adrhistory>
    <history_id>1</history_id>
    <patient_id>5433</patient_id>
    <facility_id>523</facility_id>
    <date_visit>2013-12-18</date_visit>
    <adr>1. Nausea/Vomiting</adr>
    <severity>2</severity>
    <screener>1</screener>
    <time_stamp>2019-04-11 23:09:39.599</time_stamp>
    <uploaded></uploaded>
    <time_uploaded></time_uploaded>
    <uuid>5a9cf385-3a9a-40d7-a63e-77fe42830ccd</uuid>
    <hospital_num>CT.3727/088469</hospital_num>
  </adrhistory>
  <adrhistory>
    <history_id>2</history_id>
    <patient_id>5433</patient_id>
    <facility_id>523</facility_id>
    <date_visit>2013-12-18</date_visit>
    <adr>6. Rash</adr>
    <severity>8</severity>
    <screener>1</screener>
    <time_stamp>2019-04-11 23:09:39.602</time_stamp>
    <uploaded></uploaded>
    <time_uploaded></time_uploaded>
    <uuid>513fff1a-2fd9-4f9d-9d9c-5af6a5660b20</uuid>
    <hospital_num>CT.3727/088469</hospital_num>
  </adrhistory>
</adrhistories>
