<?xml version="1.0" encoding="UTF-8"?>

<ancs>
  <anc>
    <anc_id>1</anc_id>
    <patient_id>533</patient_id>
    <facility_id>523</facility_id>
    <anc_num>005867</anc_num>
    <date_visit>2017-09-06</date_visit>
    <unique_id>PM.5468</unique_id>
    <date_enrolled_pmtct>2017-09-06</date_enrolled_pmtct>
    <source_referral>Self-referral</source_referral>
    <lmp>2017-02-14</lmp>
    <edd>2017-11-21</edd>
    <gestational_age>30</gestational_age>
    <gravida></gravida>
    <parity></parity>
    <time_hiv_diagnosis>ANC</time_hiv_diagnosis>
    <arv_regimen_past>ART</arv_regimen_past>
    <arv_regimen_current>ART</arv_regimen_current>
    <date_arv_regimen_current>2017-09-06</date_arv_regimen_current>
    <clinic_stage>Stage I</clinic_stage>
    <date_confirmed_hiv>2017-09-06</date_confirmed_hiv>
    <func_status>Working</func_status>
    <body_weight>62.0</body_weight>
    <cd4_ordered>Yes</cd4_ordered>
    <cd4></cd4>
    <number_anc_visit></number_anc_visit>
    <date_cd4></date_cd4>
    <viral_load_test_done></viral_load_test_done>
    <date_viral_load></date_viral_load>
    <syphilis_tested></syphilis_tested>
    <syphilis_test_result></syphilis_test_result>
    <syphilis_treated></syphilis_treated>
    <hepatitisb_tested></hepatitisb_tested>
    <hepatitisb_test_result></hepatitisb_test_result>
    <hepatitisc_tested></hepatitisc_tested>
    <hepatitisc_test_result></hepatitisc_test_result>
    <date_next_appointment></date_next_appointment>
    <viral_load_result></viral_load_result>
    <height></height>
    <time_stamp>2019-04-11 23:09:41.595</time_stamp>
    <uploaded></uploaded>
    <time_uploaded></time_uploaded>
    <user_id>1</user_id>
    <uuid>8015c0d6-e052-4472-8f95-18ad4764bb31</uuid>
    <hospital_num>PM.5468/005867</hospital_num>
  </anc>
  <anc>
    <anc_id>2</anc_id>
    <patient_id>481</patient_id>
    <facility_id>523</facility_id>
    <anc_num>005788</anc_num>
    <date_visit>2017-07-12</date_visit>
    <unique_id>PM.5417</unique_id>
    <date_enrolled_pmtct>2017-07-12</date_enrolled_pmtct>
    <source_referral>Self-referral</source_referral>
    <lmp>2016-11-22</lmp>
    <edd>2017-08-29</edd>
    <gestational_age>44</gestational_age>
    <gravida>5</gravida>
    <parity>4</parity>
    <time_hiv_diagnosis>ANC</time_hiv_diagnosis>
    <arv_regimen_past>Prophylaxis (Triple)</arv_regimen_past>
    <arv_regimen_current>ART</arv_regimen_current>
    <date_arv_regimen_current>2017-07-12</date_arv_regimen_current>
    <clinic_stage>Stage I</clinic_stage>
    <date_confirmed_hiv>2017-07-12</date_confirmed_hiv>
    <func_status>Working</func_status>
    <body_weight>51.0</body_weight>
    <cd4_ordered>Yes</cd4_ordered>
    <cd4>377.0</cd4>
    <number_anc_visit></number_anc_visit>
    <date_cd4></date_cd4>
    <viral_load_test_done></viral_load_test_done>
    <date_viral_load></date_viral_load>
    <syphilis_tested></syphilis_tested>
    <syphilis_test_result></syphilis_test_result>
    <syphilis_treated></syphilis_treated>
    <hepatitisb_tested></hepatitisb_tested>
    <hepatitisb_test_result></hepatitisb_test_result>
    <hepatitisc_tested></hepatitisc_tested>
    <hepatitisc_test_result></hepatitisc_test_result>
    <date_next_appointment></date_next_appointment>
    <viral_load_result></viral_load_result>
    <height></height>
    <time_stamp>2019-04-11 23:09:41.6</time_stamp>
    <uploaded></uploaded>
    <time_uploaded></time_uploaded>
    <user_id>1</user_id>
    <uuid>5e71c7f3-66fa-45ee-bd91-0c0fd25e8f82</uuid>
    <hospital_num>PM.5417/005788</hospital_num>
  </anc>
  <anc>
    <anc_id>3</anc_id>
    <patient_id>492</patient_id>
    <facility_id>523</facility_id>
    <anc_num>002592</anc_num>
    <date_visit>2012-11-07</date_visit>
    <unique_id>PM.3001</unique_id>
    <date_enrolled_pmtct>2012-11-07</date_enrolled_pmtct>
    <source_referral></source_referral>
    <lmp>2012-06-12</lmp>
    <edd>2013-03-19</edd>
    <gestational_age>276</gestational_age>
    <gravida></gravida>
    <parity></parity>
    <time_hiv_diagnosis></time_hiv_diagnosis>
    <arv_regimen_past>ART</arv_regimen_past>
    <arv_regimen_current>ART</arv_regimen_current>
    <date_arv_regimen_current>2013-02-27</date_arv_regimen_current>
    <clinic_stage>Stage II</clinic_stage>
    <date_confirmed_hiv>2011-11-07</date_confirmed_hiv>
    <func_status>Working</func_status>
    <body_weight>84.0</body_weight>
    <cd4_ordered>Yes</cd4_ordered>
    <cd4>340.0</cd4>
    <number_anc_visit></number_anc_visit>
    <date_cd4></date_cd4>
    <viral_load_test_done></viral_load_test_done>
    <date_viral_load></date_viral_load>
    <syphilis_tested></syphilis_tested>
    <syphilis_test_result></syphilis_test_result>
    <syphilis_treated></syphilis_treated>
    <hepatitisb_tested></hepatitisb_tested>
    <hepatitisb_test_result></hepatitisb_test_result>
    <hepatitisc_tested></hepatitisc_tested>
    <hepatitisc_test_result></hepatitisc_test_result>
    <date_next_appointment></date_next_appointment>
    <viral_load_result></viral_load_result>
    <height></height>
    <time_stamp>2019-04-11 23:09:41.604</time_stamp>
    <uploaded></uploaded>
    <time_uploaded></time_uploaded>
    <user_id>1</user_id>
    <uuid>a077751b-208a-4636-84f7-959299e10210</uuid>
    <hospital_num>PM.3001/002592</hospital_num>
  </anc>
  <anc>
    <anc_id>4</anc_id>
    <patient_id>495</patient_id>
    <facility_id>523</facility_id>
    <anc_num>003966</anc_num>
    <date_visit>2014-08-27</date_visit>
    <unique_id>PM.4253</unique_id>
    <date_enrolled_pmtct>2014-08-27</date_enrolled_pmtct>
    <source_referral>In-patients</source_referral>
    <lmp>2014-07-04</lmp>
    <edd>2015-04-11</edd>
    <gestational_age>169</gestational_age>
    <gravida>1</gravida>
    <parity>0</parity>
    <time_hiv_diagnosis>ANC</time_hiv_diagnosis>
    <arv_regimen_past>Prophylaxis (Triple)</arv_regimen_past>
    <arv_regimen_current>ART</arv_regimen_current>
    <date_arv_regimen_current>2017-03-28</date_arv_regimen_current>
    <clinic_stage>Stage I</clinic_stage>
    <date_confirmed_hiv>2014-08-27</date_confirmed_hiv>
    <func_status>Working</func_status>
    <body_weight>56.0</body_weight>
    <cd4_ordered>Yes</cd4_ordered>
    <cd4>548.0</cd4>
    <number_anc_visit></number_anc_visit>
    <date_cd4></date_cd4>
    <viral_load_test_done></viral_load_test_done>
    <date_viral_load></date_viral_load>
    <syphilis_tested></syphilis_tested>
    <syphilis_test_result></syphilis_test_result>
    <syphilis_treated></syphilis_treated>
    <hepatitisb_tested></hepatitisb_tested>
    <hepatitisb_test_result></hepatitisb_test_result>
    <hepatitisc_tested></hepatitisc_tested>
    <hepatitisc_test_result></hepatitisc_test_result>
    <date_next_appointment></date_next_appointment>
    <viral_load_result></viral_load_result>
    <height></height>
    <time_stamp>2019-04-11 23:09:41.604</time_stamp>
    <uploaded></uploaded>
    <time_uploaded></time_uploaded>
    <user_id>1</user_id>
    <uuid>3fd2028b-9d44-4df5-a4d0-cf78fe252178</uuid>
    <hospital_num>PM.4253/003966</hospital_num>
  </anc>
  <anc>
    <anc_id>5</anc_id>
    <patient_id>505</patient_id>
    <facility_id>523</facility_id>
    <anc_num>001477</anc_num>
    <date_visit>2011-07-13</date_visit>
    <unique_id>pm.2137</unique_id>
    <date_enrolled_pmtct>2011-07-13</date_enrolled_pmtct>
    <source_referral></source_referral>
    <lmp>2010-12-17</lmp>
    <edd>2011-09-24</edd>
    <gestational_age>355</gestational_age>
    <gravida>3</gravida>
    <parity></parity>
    <time_hiv_diagnosis></time_hiv_diagnosis>
    <arv_regimen_past>ART</arv_regimen_past>
    <arv_regimen_current>ART</arv_regimen_current>
    <date_arv_regimen_current>2011-07-19</date_arv_regimen_current>
    <clinic_stage>Stage II</clinic_stage>
    <date_confirmed_hiv>2011-07-13</date_confirmed_hiv>
    <func_status>Working</func_status>
    <body_weight>47.0</body_weight>
    <cd4_ordered>Yes</cd4_ordered>
    <cd4>298.0</cd4>
    <number_anc_visit></number_anc_visit>
    <date_cd4></date_cd4>
    <viral_load_test_done></viral_load_test_done>
    <date_viral_load></date_viral_load>
    <syphilis_tested></syphilis_tested>
    <syphilis_test_result></syphilis_test_result>
    <syphilis_treated></syphilis_treated>
    <hepatitisb_tested></hepatitisb_tested>
    <hepatitisb_test_result></hepatitisb_test_result>
    <hepatitisc_tested></hepatitisc_tested>
    <hepatitisc_test_result></hepatitisc_test_result>
    <date_next_appointment></date_next_appointment>
    <viral_load_result></viral_load_result>
    <height></height>
    <time_stamp>2019-04-11 23:09:41.604</time_stamp>
    <uploaded></uploaded>
    <time_uploaded></time_uploaded>
    <user_id>1</user_id>
    <uuid>fe13482c-47e9-48ab-9504-2e47b7068edd</uuid>
    <hospital_num>PM.2137/001477</hospital_num>
  </anc>
  <anc>
    <anc_id>6</anc_id>
    <patient_id>4886</patient_id>
    <facility_id>523</facility_id>
    <anc_num>000114</anc_num>
    <date_visit>2009-05-13</date_visit>
    <unique_id>PM.1268</unique_id>
    <date_enrolled_pmtct>2009-05-13</date_enrolled_pmtct>
    <source_referral></source_referral>
    <lmp>2009-08-06</lmp>
    <edd>2010-05-13</edd>
    <gestational_age>426</gestational_age>
    <gravida>3</gravida>
    <parity>2</parity>
    <time_hiv_diagnosis></time_hiv_diagnosis>
    <arv_regimen_past></arv_regimen_past>
    <arv_regimen_current></arv_regimen_current>
    <date_arv_regimen_current></date_arv_regimen_current>
    <clinic_stage>Stage I</clinic_stage>
    <date_confirmed_hiv>2009-08-06</date_confirmed_hiv>
    <func_status>Working</func_status>
    <body_weight></body_weight>
    <cd4_ordered>Yes</cd4_ordered>
    <cd4>307.0</cd4>
    <number_anc_visit></number_anc_visit>
    <date_cd4></date_cd4>
    <viral_load_test_done></viral_load_test_done>
    <date_viral_load></date_viral_load>
    <syphilis_tested></syphilis_tested>
    <syphilis_test_result></syphilis_test_result>
    <syphilis_treated></syphilis_treated>
    <hepatitisb_tested></hepatitisb_tested>
    <hepatitisb_test_result></hepatitisb_test_result>
    <hepatitisc_tested></hepatitisc_tested>
    <hepatitisc_test_result></hepatitisc_test_result>
    <date_next_appointment></date_next_appointment>
    <viral_load_result></viral_load_result>
    <height></height>
    <time_stamp>2019-04-11 23:09:41.619</time_stamp>
    <uploaded></uploaded>
    <time_uploaded></time_uploaded>
    <user_id>1</user_id>
    <uuid>f12cf5db-0e49-4c1c-81fd-5646b605d585</uuid>
    <hospital_num>PM.1268/000114</hospital_num>
  </anc>
  <anc>
    <anc_id>7</anc_id>
    <patient_id>5168</patient_id>
    <facility_id>523</facility_id>
    <anc_num>005930</anc_num>
    <date_visit>2017-10-18</date_visit>
    <unique_id>CT.2428</unique_id>
    <date_enrolled_pmtct>2017-10-18</date_enrolled_pmtct>
    <source_referral>Self-referral</source_referral>
    <lmp>2017-07-17</lmp>
    <edd>2018-04-24</edd>
    <gestational_age>13</gestational_age>
    <gravida>2</gravida>
    <parity>1</parity>
    <time_hiv_diagnosis>Previous - Non pregnant</time_hiv_diagnosis>
    <arv_regimen_past>ART</arv_regimen_past>
    <arv_regimen_current>ART</arv_regimen_current>
    <date_arv_regimen_current>2017-02-15</date_arv_regimen_current>
    <clinic_stage>Stage I</clinic_stage>
    <date_confirmed_hiv>2012-02-08</date_confirmed_hiv>
    <func_status>Working</func_status>
    <body_weight>88.0</body_weight>
    <cd4_ordered>Yes</cd4_ordered>
    <cd4></cd4>
    <number_anc_visit></number_anc_visit>
    <date_cd4></date_cd4>
    <viral_load_test_done></viral_load_test_done>
    <date_viral_load></date_viral_load>
    <syphilis_tested></syphilis_tested>
    <syphilis_test_result></syphilis_test_result>
    <syphilis_treated></syphilis_treated>
    <hepatitisb_tested></hepatitisb_tested>
    <hepatitisb_test_result></hepatitisb_test_result>
    <hepatitisc_tested></hepatitisc_tested>
    <hepatitisc_test_result></hepatitisc_test_result>
    <date_next_appointment></date_next_appointment>
    <viral_load_result></viral_load_result>
    <height></height>
    <time_stamp>2019-04-11 23:09:41.636</time_stamp>
    <uploaded></uploaded>
    <time_uploaded></time_uploaded>
    <user_id>1</user_id>
    <uuid>12397194-7fde-433e-9516-2d534003ac0e</uuid>
    <hospital_num>CT.2428/081191</hospital_num>
  </anc>
  <anc>
    <anc_id>8</anc_id>
    <patient_id>5868</patient_id>
    <facility_id>523</facility_id>
    <anc_num>CT.5292</anc_num>
    <date_visit>2017-10-18</date_visit>
    <unique_id>005931</unique_id>
    <date_enrolled_pmtct>2017-10-18</date_enrolled_pmtct>
    <source_referral>Self-referral</source_referral>
    <lmp>2018-05-25</lmp>
    <edd>2019-03-04</edd>
    <gestational_age>-31</gestational_age>
    <gravida>1</gravida>
    <parity>0</parity>
    <time_hiv_diagnosis>Previous - Non pregnant</time_hiv_diagnosis>
    <arv_regimen_past>ART</arv_regimen_past>
    <arv_regimen_current>ART</arv_regimen_current>
    <date_arv_regimen_current>2017-10-18</date_arv_regimen_current>
    <clinic_stage>Stage II</clinic_stage>
    <date_confirmed_hiv>2017-02-08</date_confirmed_hiv>
    <func_status>Working</func_status>
    <body_weight>62.0</body_weight>
    <cd4_ordered>Yes</cd4_ordered>
    <cd4></cd4>
    <number_anc_visit></number_anc_visit>
    <date_cd4></date_cd4>
    <viral_load_test_done></viral_load_test_done>
    <date_viral_load></date_viral_load>
    <syphilis_tested></syphilis_tested>
    <syphilis_test_result></syphilis_test_result>
    <syphilis_treated></syphilis_treated>
    <hepatitisb_tested></hepatitisb_tested>
    <hepatitisb_test_result></hepatitisb_test_result>
    <hepatitisc_tested></hepatitisc_tested>
    <hepatitisc_test_result></hepatitisc_test_result>
    <date_next_appointment></date_next_appointment>
    <viral_load_result></viral_load_result>
    <height></height>
    <time_stamp>2019-04-11 23:09:41.64</time_stamp>
    <uploaded></uploaded>
    <time_uploaded></time_uploaded>
    <user_id>1</user_id>
    <uuid>6a17853b-7930-401b-accb-6e6309339400</uuid>
    <hospital_num>CT.5292/097892</hospital_num>
  </anc>
  <anc>
    <anc_id>9</anc_id>
    <patient_id>553</patient_id>
    <facility_id>523</facility_id>
    <anc_num>005978</anc_num>
    <date_visit>2017-11-15</date_visit>
    <unique_id>PM.5532</unique_id>
    <date_enrolled_pmtct>2017-11-16</date_enrolled_pmtct>
    <source_referral>Self-referral</source_referral>
    <lmp>2017-05-21</lmp>
    <edd>2018-02-28</edd>
    <gestational_age>26</gestational_age>
    <gravida>7</gravida>
    <parity>6</parity>
    <time_hiv_diagnosis>ANC</time_hiv_diagnosis>
    <arv_regimen_past>ART</arv_regimen_past>
    <arv_regimen_current>ART</arv_regimen_current>
    <date_arv_regimen_current>2017-11-16</date_arv_regimen_current>
    <clinic_stage>Stage I</clinic_stage>
    <date_confirmed_hiv>2017-11-15</date_confirmed_hiv>
    <func_status>Working</func_status>
    <body_weight>52.0</body_weight>
    <cd4_ordered>Yes</cd4_ordered>
    <cd4></cd4>
    <number_anc_visit></number_anc_visit>
    <date_cd4></date_cd4>
    <viral_load_test_done></viral_load_test_done>
    <date_viral_load></date_viral_load>
    <syphilis_tested></syphilis_tested>
    <syphilis_test_result></syphilis_test_result>
    <syphilis_treated></syphilis_treated>
    <hepatitisb_tested></hepatitisb_tested>
    <hepatitisb_test_result></hepatitisb_test_result>
    <hepatitisc_tested></hepatitisc_tested>
    <hepatitisc_test_result></hepatitisc_test_result>
    <date_next_appointment></date_next_appointment>
    <viral_load_result></viral_load_result>
    <height></height>
    <time_stamp>2019-04-11 23:09:41.659</time_stamp>
    <uploaded></uploaded>
    <time_uploaded></time_uploaded>
    <user_id>1</user_id>
    <uuid>b9a7b40e-f1f5-461d-875c-77e8dc5ceb86</uuid>
    <hospital_num>PM.5532/005978</hospital_num>
  </anc>
  <anc>
    <anc_id>10</anc_id>
    <patient_id>1794</patient_id>
    <facility_id>523</facility_id>
    <anc_num>006521</anc_num>
    <date_visit>2019-01-31</date_visit>
    <unique_id>CT.5781</unique_id>
    <date_enrolled_pmtct>2018-10-24</date_enrolled_pmtct>
    <source_referral>Self-referral</source_referral>
    <lmp>2018-07-01</lmp>
    <edd>2019-04-08</edd>
    <gestational_age>31</gestational_age>
    <gravida>4</gravida>
    <parity>2</parity>
    <time_hiv_diagnosis>Previous - Non pregnant</time_hiv_diagnosis>
    <arv_regimen_past>ART</arv_regimen_past>
    <arv_regimen_current>ART</arv_regimen_current>
    <date_arv_regimen_current></date_arv_regimen_current>
    <clinic_stage>Stage I</clinic_stage>
    <date_confirmed_hiv>2018-08-28</date_confirmed_hiv>
    <func_status>Working</func_status>
    <body_weight>52.0</body_weight>
    <cd4_ordered>Yes</cd4_ordered>
    <cd4></cd4>
    <number_anc_visit></number_anc_visit>
    <date_cd4></date_cd4>
    <viral_load_test_done></viral_load_test_done>
    <date_viral_load></date_viral_load>
    <syphilis_tested></syphilis_tested>
    <syphilis_test_result></syphilis_test_result>
    <syphilis_treated></syphilis_treated>
    <hepatitisb_tested></hepatitisb_tested>
    <hepatitisb_test_result></hepatitisb_test_result>
    <hepatitisc_tested></hepatitisc_tested>
    <hepatitisc_test_result></hepatitisc_test_result>
    <date_next_appointment></date_next_appointment>
    <viral_load_result></viral_load_result>
    <height></height>
    <time_stamp>2019-04-11 23:09:41.665</time_stamp>
    <uploaded></uploaded>
    <time_uploaded></time_uploaded>
    <user_id>1</user_id>
    <uuid>04df7650-765d-4f96-addc-0d5d7b70e13c</uuid>
    <hospital_num>CT.5781/102867</hospital_num>
  </anc>
  <anc>
    <anc_id>11</anc_id>
    <patient_id>1794</patient_id>
    <facility_id>523</facility_id>
    <anc_num>006521</anc_num>
    <date_visit>2018-10-24</date_visit>
    <unique_id>CT.5781</unique_id>
    <date_enrolled_pmtct>2018-10-24</date_enrolled_pmtct>
    <source_referral>Self-referral</source_referral>
    <lmp>2018-07-09</lmp>
    <edd>2019-04-16</edd>
    <gestational_age>30</gestational_age>
    <gravida>4</gravida>
    <parity>2</parity>
    <time_hiv_diagnosis>Previous - Non pregnant</time_hiv_diagnosis>
    <arv_regimen_past>ART</arv_regimen_past>
    <arv_regimen_current>ART</arv_regimen_current>
    <date_arv_regimen_current>2018-08-28</date_arv_regimen_current>
    <clinic_stage>Stage I</clinic_stage>
    <date_confirmed_hiv>2018-08-28</date_confirmed_hiv>
    <func_status>Working</func_status>
    <body_weight>56.0</body_weight>
    <cd4_ordered>Yes</cd4_ordered>
    <cd4></cd4>
    <number_anc_visit></number_anc_visit>
    <date_cd4></date_cd4>
    <viral_load_test_done></viral_load_test_done>
    <date_viral_load></date_viral_load>
    <syphilis_tested></syphilis_tested>
    <syphilis_test_result></syphilis_test_result>
    <syphilis_treated></syphilis_treated>
    <hepatitisb_tested></hepatitisb_tested>
    <hepatitisb_test_result></hepatitisb_test_result>
    <hepatitisc_tested></hepatitisc_tested>
    <hepatitisc_test_result></hepatitisc_test_result>
    <date_next_appointment></date_next_appointment>
    <viral_load_result></viral_load_result>
    <height></height>
    <time_stamp>2019-04-11 23:09:41.67</time_stamp>
    <uploaded></uploaded>
    <time_uploaded></time_uploaded>
    <user_id>1</user_id>
    <uuid>641e3635-b8b6-41dc-8186-9f95a054029d</uuid>
    <hospital_num>CT.5781/102867</hospital_num>
  </anc>
  <anc>
    <anc_id>12</anc_id>
    <patient_id>1057</patient_id>
    <facility_id>523</facility_id>
    <anc_num>006222</anc_num>
    <date_visit>2018-04-18</date_visit>
    <unique_id>CT.5573</unique_id>
    <date_enrolled_pmtct>2018-04-18</date_enrolled_pmtct>
    <source_referral>Self-referral</source_referral>
    <lmp>2017-09-28</lmp>
    <edd>2018-07-05</edd>
    <gestational_age>28</gestational_age>
    <gravida>3</gravida>
    <parity>2</parity>
    <time_hiv_diagnosis>Previous - Non pregnant</time_hiv_diagnosis>
    <arv_regimen_past>ART</arv_regimen_past>
    <arv_regimen_current>ART</arv_regimen_current>
    <date_arv_regimen_current>2018-01-09</date_arv_regimen_current>
    <clinic_stage>Stage I</clinic_stage>
    <date_confirmed_hiv>2018-01-09</date_confirmed_hiv>
    <func_status>Working</func_status>
    <body_weight>55.0</body_weight>
    <cd4_ordered>Yes</cd4_ordered>
    <cd4></cd4>
    <number_anc_visit></number_anc_visit>
    <date_cd4></date_cd4>
    <viral_load_test_done></viral_load_test_done>
    <date_viral_load></date_viral_load>
    <syphilis_tested></syphilis_tested>
    <syphilis_test_result></syphilis_test_result>
    <syphilis_treated></syphilis_treated>
    <hepatitisb_tested></hepatitisb_tested>
    <hepatitisb_test_result></hepatitisb_test_result>
    <hepatitisc_tested></hepatitisc_tested>
    <hepatitisc_test_result></hepatitisc_test_result>
    <date_next_appointment></date_next_appointment>
    <viral_load_result></viral_load_result>
    <height></height>
    <time_stamp>2019-04-11 23:09:41.67</time_stamp>
    <uploaded></uploaded>
    <time_uploaded></time_uploaded>
    <user_id>1</user_id>
    <uuid>30bf2214-f5f7-42f0-9459-1f5f17920805</uuid>
    <hospital_num>CT.5573/100471</hospital_num>
  </anc>
  <anc>
    <anc_id>13</anc_id>
    <patient_id>4942</patient_id>
    <facility_id>523</facility_id>
    <anc_num>006417</anc_num>
    <date_visit>2018-08-08</date_visit>
    <unique_id>PM.5753</unique_id>
    <date_enrolled_pmtct>2018-08-08</date_enrolled_pmtct>
    <source_referral>Self-referral</source_referral>
    <lmp>2018-01-27</lmp>
    <edd>2018-11-03</edd>
    <gestational_age>28</gestational_age>
    <gravida>2</gravida>
    <parity>1</parity>
    <time_hiv_diagnosis>ANC</time_hiv_diagnosis>
    <arv_regimen_past>ART</arv_regimen_past>
    <arv_regimen_current>ART</arv_regimen_current>
    <date_arv_regimen_current>2018-08-08</date_arv_regimen_current>
    <clinic_stage>Stage I</clinic_stage>
    <date_confirmed_hiv>2018-08-08</date_confirmed_hiv>
    <func_status>Working</func_status>
    <body_weight>55.0</body_weight>
    <cd4_ordered>Yes</cd4_ordered>
    <cd4></cd4>
    <number_anc_visit></number_anc_visit>
    <date_cd4></date_cd4>
    <viral_load_test_done></viral_load_test_done>
    <date_viral_load></date_viral_load>
    <syphilis_tested></syphilis_tested>
    <syphilis_test_result></syphilis_test_result>
    <syphilis_treated></syphilis_treated>
    <hepatitisb_tested></hepatitisb_tested>
    <hepatitisb_test_result></hepatitisb_test_result>
    <hepatitisc_tested></hepatitisc_tested>
    <hepatitisc_test_result></hepatitisc_test_result>
    <date_next_appointment></date_next_appointment>
    <viral_load_result></viral_load_result>
    <height></height>
    <time_stamp>2019-04-11 23:09:41.691</time_stamp>
    <uploaded></uploaded>
    <time_uploaded></time_uploaded>
    <user_id>1</user_id>
    <uuid>fd89aefe-7036-4750-8060-15fa5db33155</uuid>
    <hospital_num>PM.5753/006417</hospital_num>
  </anc>
  <anc>
    <anc_id>14</anc_id>
    <patient_id>1860</patient_id>
    <facility_id>523</facility_id>
    <anc_num>005492</anc_num>
    <date_visit>2017-01-11</date_visit>
    <unique_id>TI.5356</unique_id>
    <date_enrolled_pmtct>2017-01-11</date_enrolled_pmtct>
    <source_referral>Self-referral</source_referral>
    <lmp>2016-07-11</lmp>
    <edd>2017-04-18</edd>
    <gestational_age>28</gestational_age>
    <gravida>2</gravida>
    <parity>1</parity>
    <time_hiv_diagnosis>Previous - Non pregnant</time_hiv_diagnosis>
    <arv_regimen_past>ART</arv_regimen_past>
    <arv_regimen_current>ART</arv_regimen_current>
    <date_arv_regimen_current>2012-02-01</date_arv_regimen_current>
    <clinic_stage>Stage II</clinic_stage>
    <date_confirmed_hiv>2017-04-17</date_confirmed_hiv>
    <func_status>Working</func_status>
    <body_weight>54.0</body_weight>
    <cd4_ordered>Yes</cd4_ordered>
    <cd4>911.0</cd4>
    <number_anc_visit></number_anc_visit>
    <date_cd4></date_cd4>
    <viral_load_test_done></viral_load_test_done>
    <date_viral_load></date_viral_load>
    <syphilis_tested></syphilis_tested>
    <syphilis_test_result></syphilis_test_result>
    <syphilis_treated></syphilis_treated>
    <hepatitisb_tested></hepatitisb_tested>
    <hepatitisb_test_result></hepatitisb_test_result>
    <hepatitisc_tested></hepatitisc_tested>
    <hepatitisc_test_result></hepatitisc_test_result>
    <date_next_appointment></date_next_appointment>
    <viral_load_result></viral_load_result>
    <height></height>
    <time_stamp>2019-04-11 23:09:41.692</time_stamp>
    <uploaded></uploaded>
    <time_uploaded></time_uploaded>
    <user_id>1</user_id>
    <uuid>803fea33-f6e3-4021-a8b5-8a50e2ce7ecc</uuid>
    <hospital_num>TI.5356/005492</hospital_num>
  </anc>
  <anc>
    <anc_id>15</anc_id>
    <patient_id>1609</patient_id>
    <facility_id>523</facility_id>
    <anc_num>005649</anc_num>
    <date_visit>2017-04-05</date_visit>
    <unique_id>PM.5350</unique_id>
    <date_enrolled_pmtct>2017-04-05</date_enrolled_pmtct>
    <source_referral>Self-referral</source_referral>
    <lmp>2016-09-19</lmp>
    <edd>2017-06-26</edd>
    <gestational_age>28</gestational_age>
    <gravida>2</gravida>
    <parity>1</parity>
    <time_hiv_diagnosis>ANC</time_hiv_diagnosis>
    <arv_regimen_past>ART</arv_regimen_past>
    <arv_regimen_current>ART</arv_regimen_current>
    <date_arv_regimen_current>2017-04-05</date_arv_regimen_current>
    <clinic_stage>Stage I</clinic_stage>
    <date_confirmed_hiv>2017-04-05</date_confirmed_hiv>
    <func_status>Working</func_status>
    <body_weight>55.0</body_weight>
    <cd4_ordered>Yes</cd4_ordered>
    <cd4></cd4>
    <number_anc_visit></number_anc_visit>
    <date_cd4></date_cd4>
    <viral_load_test_done></viral_load_test_done>
    <date_viral_load></date_viral_load>
    <syphilis_tested></syphilis_tested>
    <syphilis_test_result></syphilis_test_result>
    <syphilis_treated></syphilis_treated>
    <hepatitisb_tested></hepatitisb_tested>
    <hepatitisb_test_result></hepatitisb_test_result>
    <hepatitisc_tested></hepatitisc_tested>
    <hepatitisc_test_result></hepatitisc_test_result>
    <date_next_appointment></date_next_appointment>
    <viral_load_result></viral_load_result>
    <height></height>
    <time_stamp>2019-04-11 23:09:41.692</time_stamp>
    <uploaded></uploaded>
    <time_uploaded></time_uploaded>
    <user_id>1</user_id>
    <uuid>05664f8f-d27b-4dfc-8f9d-7e21e463fe99</uuid>
    <hospital_num>PM.5350/005649</hospital_num>
  </anc>
  <anc>
    <anc_id>16</anc_id>
    <patient_id>20</patient_id>
    <facility_id>523</facility_id>
    <anc_num>005508</anc_num>
    <date_visit>2017-01-18</date_visit>
    <unique_id>PI.1063</unique_id>
    <date_enrolled_pmtct>2017-01-18</date_enrolled_pmtct>
    <source_referral>Self-referral</source_referral>
    <lmp>2016-09-08</lmp>
    <edd>2017-06-15</edd>
    <gestational_age>12</gestational_age>
    <gravida>2</gravida>
    <parity>1</parity>
    <time_hiv_diagnosis>Previous - Non pregnant</time_hiv_diagnosis>
    <arv_regimen_past>ART</arv_regimen_past>
    <arv_regimen_current>ART</arv_regimen_current>
    <date_arv_regimen_current>2017-06-15</date_arv_regimen_current>
    <clinic_stage>Stage I</clinic_stage>
    <date_confirmed_hiv>2009-10-06</date_confirmed_hiv>
    <func_status>Working</func_status>
    <body_weight>60.0</body_weight>
    <cd4_ordered>Yes</cd4_ordered>
    <cd4>684.0</cd4>
    <number_anc_visit></number_anc_visit>
    <date_cd4></date_cd4>
    <viral_load_test_done></viral_load_test_done>
    <date_viral_load></date_viral_load>
    <syphilis_tested></syphilis_tested>
    <syphilis_test_result></syphilis_test_result>
    <syphilis_treated></syphilis_treated>
    <hepatitisb_tested></hepatitisb_tested>
    <hepatitisb_test_result></hepatitisb_test_result>
    <hepatitisc_tested></hepatitisc_tested>
    <hepatitisc_test_result></hepatitisc_test_result>
    <date_next_appointment></date_next_appointment>
    <viral_load_result></viral_load_result>
    <height></height>
    <time_stamp>2019-04-11 23:09:41.703</time_stamp>
    <uploaded></uploaded>
    <time_uploaded></time_uploaded>
    <user_id>1</user_id>
    <uuid>3c9cf922-13ea-4ab5-b390-b018f63e0036</uuid>
    <hospital_num>PI.1063/066391</hospital_num>
  </anc>
  <anc>
    <anc_id>17</anc_id>
    <patient_id>459</patient_id>
    <facility_id>523</facility_id>
    <anc_num>005500</anc_num>
    <date_visit>2017-01-18</date_visit>
    <unique_id>PM.5260</unique_id>
    <date_enrolled_pmtct>2017-01-18</date_enrolled_pmtct>
    <source_referral>Self-referral</source_referral>
    <lmp>2016-07-15</lmp>
    <edd>2017-04-22</edd>
    <gestational_age>24</gestational_age>
    <gravida></gravida>
    <parity></parity>
    <time_hiv_diagnosis>ANC</time_hiv_diagnosis>
    <arv_regimen_past>ART</arv_regimen_past>
    <arv_regimen_current>ART</arv_regimen_current>
    <date_arv_regimen_current>2017-01-18</date_arv_regimen_current>
    <clinic_stage>Stage I</clinic_stage>
    <date_confirmed_hiv>2017-01-18</date_confirmed_hiv>
    <func_status>Working</func_status>
    <body_weight>52.0</body_weight>
    <cd4_ordered>Yes</cd4_ordered>
    <cd4>1151.0</cd4>
    <number_anc_visit></number_anc_visit>
    <date_cd4></date_cd4>
    <viral_load_test_done></viral_load_test_done>
    <date_viral_load></date_viral_load>
    <syphilis_tested></syphilis_tested>
    <syphilis_test_result></syphilis_test_result>
    <syphilis_treated></syphilis_treated>
    <hepatitisb_tested></hepatitisb_tested>
    <hepatitisb_test_result></hepatitisb_test_result>
    <hepatitisc_tested></hepatitisc_tested>
    <hepatitisc_test_result></hepatitisc_test_result>
    <date_next_appointment></date_next_appointment>
    <viral_load_result></viral_load_result>
    <height></height>
    <time_stamp>2019-04-11 23:09:41.703</time_stamp>
    <uploaded></uploaded>
    <time_uploaded></time_uploaded>
    <user_id>1</user_id>
    <uuid>a14eb7fd-c1bb-4133-ad2f-91d77bab3b7f</uuid>
    <hospital_num>PM.5260/005500</hospital_num>
  </anc>
  <anc>
    <anc_id>18</anc_id>
    <patient_id>2864</patient_id>
    <facility_id>523</facility_id>
    <anc_num>005621</anc_num>
    <date_visit>2017-03-22</date_visit>
    <unique_id>PI.3768</unique_id>
    <date_enrolled_pmtct>2017-03-22</date_enrolled_pmtct>
    <source_referral>Self-referral</source_referral>
    <lmp>2016-10-15</lmp>
    <edd>2017-07-22</edd>
    <gestational_age>26</gestational_age>
    <gravida></gravida>
    <parity></parity>
    <time_hiv_diagnosis>Previous - Non pregnant</time_hiv_diagnosis>
    <arv_regimen_past>ART</arv_regimen_past>
    <arv_regimen_current>ART</arv_regimen_current>
    <date_arv_regimen_current>2013-11-20</date_arv_regimen_current>
    <clinic_stage>Stage I</clinic_stage>
    <date_confirmed_hiv>2013-11-14</date_confirmed_hiv>
    <func_status>Working</func_status>
    <body_weight>52.0</body_weight>
    <cd4_ordered>Yes</cd4_ordered>
    <cd4>14.0</cd4>
    <number_anc_visit></number_anc_visit>
    <date_cd4></date_cd4>
    <viral_load_test_done></viral_load_test_done>
    <date_viral_load></date_viral_load>
    <syphilis_tested></syphilis_tested>
    <syphilis_test_result></syphilis_test_result>
    <syphilis_treated></syphilis_treated>
    <hepatitisb_tested></hepatitisb_tested>
    <hepatitisb_test_result></hepatitisb_test_result>
    <hepatitisc_tested></hepatitisc_tested>
    <hepatitisc_test_result></hepatitisc_test_result>
    <date_next_appointment></date_next_appointment>
    <viral_load_result></viral_load_result>
    <height></height>
    <time_stamp>2019-04-11 23:09:41.703</time_stamp>
    <uploaded></uploaded>
    <time_uploaded></time_uploaded>
    <user_id>1</user_id>
    <uuid>d66a8492-3081-4ade-a434-4acbdf423832</uuid>
    <hospital_num>PI.3768/088576</hospital_num>
  </anc>
  <anc>
    <anc_id>19</anc_id>
    <patient_id>1764</patient_id>
    <facility_id>523</facility_id>
    <anc_num>005660</anc_num>
    <date_visit>2017-04-12</date_visit>
    <unique_id>PM.5355</unique_id>
    <date_enrolled_pmtct>2017-04-12</date_enrolled_pmtct>
    <source_referral>Self-referral</source_referral>
    <lmp>2016-10-18</lmp>
    <edd>2017-07-25</edd>
    <gestational_age>121</gestational_age>
    <gravida>2</gravida>
    <parity>1</parity>
    <time_hiv_diagnosis>ANC</time_hiv_diagnosis>
    <arv_regimen_past></arv_regimen_past>
    <arv_regimen_current>ART</arv_regimen_current>
    <date_arv_regimen_current>2017-07-27</date_arv_regimen_current>
    <clinic_stage>Stage I</clinic_stage>
    <date_confirmed_hiv>2017-04-12</date_confirmed_hiv>
    <func_status>Working</func_status>
    <body_weight>74.0</body_weight>
    <cd4_ordered>Yes</cd4_ordered>
    <cd4>634.0</cd4>
    <number_anc_visit></number_anc_visit>
    <date_cd4></date_cd4>
    <viral_load_test_done></viral_load_test_done>
    <date_viral_load></date_viral_load>
    <syphilis_tested></syphilis_tested>
    <syphilis_test_result></syphilis_test_result>
    <syphilis_treated></syphilis_treated>
    <hepatitisb_tested></hepatitisb_tested>
    <hepatitisb_test_result></hepatitisb_test_result>
    <hepatitisc_tested></hepatitisc_tested>
    <hepatitisc_test_result></hepatitisc_test_result>
    <date_next_appointment></date_next_appointment>
    <viral_load_result></viral_load_result>
    <height></height>
    <time_stamp>2019-04-11 23:09:41.752</time_stamp>
    <uploaded></uploaded>
    <time_uploaded></time_uploaded>
    <user_id>1</user_id>
    <uuid>e66373db-eca6-4dd4-9aff-17ef71a564fc</uuid>
    <hospital_num>PM.5355/005660</hospital_num>
  </anc>
  <anc>
    <anc_id>20</anc_id>
    <patient_id>1763</patient_id>
    <facility_id>523</facility_id>
    <anc_num>005679</anc_num>
    <date_visit>2017-04-19</date_visit>
    <unique_id>TI.5377</unique_id>
    <date_enrolled_pmtct>2017-04-19</date_enrolled_pmtct>
    <source_referral>Self-referral</source_referral>
    <lmp>2016-10-11</lmp>
    <edd>2017-07-18</edd>
    <gestational_age>28</gestational_age>
    <gravida>1</gravida>
    <parity>0</parity>
    <time_hiv_diagnosis>Previous - Non pregnant</time_hiv_diagnosis>
    <arv_regimen_past>ART</arv_regimen_past>
    <arv_regimen_current>ART</arv_regimen_current>
    <date_arv_regimen_current>2016-06-01</date_arv_regimen_current>
    <clinic_stage>Stage I</clinic_stage>
    <date_confirmed_hiv>2016-06-01</date_confirmed_hiv>
    <func_status>Working</func_status>
    <body_weight>59.0</body_weight>
    <cd4_ordered>Yes</cd4_ordered>
    <cd4>263.0</cd4>
    <number_anc_visit></number_anc_visit>
    <date_cd4></date_cd4>
    <viral_load_test_done></viral_load_test_done>
    <date_viral_load></date_viral_load>
    <syphilis_tested></syphilis_tested>
    <syphilis_test_result></syphilis_test_result>
    <syphilis_treated></syphilis_treated>
    <hepatitisb_tested></hepatitisb_tested>
    <hepatitisb_test_result></hepatitisb_test_result>
    <hepatitisc_tested></hepatitisc_tested>
    <hepatitisc_test_result></hepatitisc_test_result>
    <date_next_appointment></date_next_appointment>
    <viral_load_result></viral_load_result>
    <height></height>
    <time_stamp>2019-04-11 23:09:41.755</time_stamp>
    <uploaded></uploaded>
    <time_uploaded></time_uploaded>
    <user_id>1</user_id>
    <uuid>0962263e-1c3e-4bba-a783-41cb270c52ec</uuid>
    <hospital_num>TI.5377/005679</hospital_num>
  </anc>
  <anc>
    <anc_id>21</anc_id>
    <patient_id>2870</patient_id>
    <facility_id>523</facility_id>
    <anc_num>005714</anc_num>
    <date_visit>2017-05-17</date_visit>
    <unique_id>PI.3385</unique_id>
    <date_enrolled_pmtct>2017-05-17</date_enrolled_pmtct>
    <source_referral>Self-referral</source_referral>
    <lmp>2016-10-11</lmp>
    <edd>2017-07-18</edd>
    <gestational_age>28</gestational_age>
    <gravida>3</gravida>
    <parity>2</parity>
    <time_hiv_diagnosis>Previous - Non pregnant</time_hiv_diagnosis>
    <arv_regimen_past>ART</arv_regimen_past>
    <arv_regimen_current>ART</arv_regimen_current>
    <date_arv_regimen_current>2014-06-30</date_arv_regimen_current>
    <clinic_stage>Stage I</clinic_stage>
    <date_confirmed_hiv>2013-03-12</date_confirmed_hiv>
    <func_status>Working</func_status>
    <body_weight>58.0</body_weight>
    <cd4_ordered>Yes</cd4_ordered>
    <cd4>434.0</cd4>
    <number_anc_visit></number_anc_visit>
    <date_cd4></date_cd4>
    <viral_load_test_done></viral_load_test_done>
    <date_viral_load></date_viral_load>
    <syphilis_tested></syphilis_tested>
    <syphilis_test_result></syphilis_test_result>
    <syphilis_treated></syphilis_treated>
    <hepatitisb_tested></hepatitisb_tested>
    <hepatitisb_test_result></hepatitisb_test_result>
    <hepatitisc_tested></hepatitisc_tested>
    <hepatitisc_test_result></hepatitisc_test_result>
    <date_next_appointment></date_next_appointment>
    <viral_load_result></viral_load_result>
    <height></height>
    <time_stamp>2019-04-11 23:09:41.755</time_stamp>
    <uploaded></uploaded>
    <time_uploaded></time_uploaded>
    <user_id>1</user_id>
    <uuid>8e833b03-2a8a-40ec-8776-62c9c28f70aa</uuid>
    <hospital_num>PI.3385/085842</hospital_num>
  </anc>
  <anc>
    <anc_id>22</anc_id>
    <patient_id>1253</patient_id>
    <facility_id>523</facility_id>
    <anc_num>005774</anc_num>
    <date_visit>2017-06-21</date_visit>
    <unique_id>PM.3860</unique_id>
    <date_enrolled_pmtct>2017-06-21</date_enrolled_pmtct>
    <source_referral>Self-referral</source_referral>
    <lmp>2016-11-17</lmp>
    <edd>2017-08-24</edd>
    <gestational_age>28</gestational_age>
    <gravida>4</gravida>
    <parity>3</parity>
    <time_hiv_diagnosis>Previous - Non pregnant</time_hiv_diagnosis>
    <arv_regimen_past>ART</arv_regimen_past>
    <arv_regimen_current>ART</arv_regimen_current>
    <date_arv_regimen_current>2017-07-12</date_arv_regimen_current>
    <clinic_stage>Stage I</clinic_stage>
    <date_confirmed_hiv>2014-01-09</date_confirmed_hiv>
    <func_status>Working</func_status>
    <body_weight>48.0</body_weight>
    <cd4_ordered>Yes</cd4_ordered>
    <cd4>901.0</cd4>
    <number_anc_visit></number_anc_visit>
    <date_cd4></date_cd4>
    <viral_load_test_done></viral_load_test_done>
    <date_viral_load></date_viral_load>
    <syphilis_tested></syphilis_tested>
    <syphilis_test_result></syphilis_test_result>
    <syphilis_treated></syphilis_treated>
    <hepatitisb_tested></hepatitisb_tested>
    <hepatitisb_test_result></hepatitisb_test_result>
    <hepatitisc_tested></hepatitisc_tested>
    <hepatitisc_test_result></hepatitisc_test_result>
    <date_next_appointment></date_next_appointment>
    <viral_load_result></viral_load_result>
    <height></height>
    <time_stamp>2019-04-11 23:09:41.755</time_stamp>
    <uploaded></uploaded>
    <time_uploaded></time_uploaded>
    <user_id>1</user_id>
    <uuid>dbefe7e4-72e7-4d76-9091-e13a9a7527ba</uuid>
    <hospital_num>PM.3860/003476</hospital_num>
  </anc>
  <anc>
    <anc_id>23</anc_id>
    <patient_id>1617</patient_id>
    <facility_id>523</facility_id>
    <anc_num>005790</anc_num>
    <date_visit>2017-07-12</date_visit>
    <unique_id>PM.049</unique_id>
    <date_enrolled_pmtct>2017-07-12</date_enrolled_pmtct>
    <source_referral>Self-referral</source_referral>
    <lmp>2017-02-19</lmp>
    <edd>2017-11-26</edd>
    <gestational_age>24</gestational_age>
    <gravida>3</gravida>
    <parity>2</parity>
    <time_hiv_diagnosis>Previous - Non pregnant</time_hiv_diagnosis>
    <arv_regimen_past>ART</arv_regimen_past>
    <arv_regimen_current>ART</arv_regimen_current>
    <date_arv_regimen_current>2007-10-17</date_arv_regimen_current>
    <clinic_stage>Stage I</clinic_stage>
    <date_confirmed_hiv>2008-04-22</date_confirmed_hiv>
    <func_status>Working</func_status>
    <body_weight>63.0</body_weight>
    <cd4_ordered>Yes</cd4_ordered>
    <cd4>901.0</cd4>
    <number_anc_visit></number_anc_visit>
    <date_cd4></date_cd4>
    <viral_load_test_done></viral_load_test_done>
    <date_viral_load></date_viral_load>
    <syphilis_tested></syphilis_tested>
    <syphilis_test_result></syphilis_test_result>
    <syphilis_treated></syphilis_treated>
    <hepatitisb_tested></hepatitisb_tested>
    <hepatitisb_test_result></hepatitisb_test_result>
    <hepatitisc_tested></hepatitisc_tested>
    <hepatitisc_test_result></hepatitisc_test_result>
    <date_next_appointment></date_next_appointment>
    <viral_load_result></viral_load_result>
    <height></height>
    <time_stamp>2019-04-11 23:09:41.755</time_stamp>
    <uploaded></uploaded>
    <time_uploaded></time_uploaded>
    <user_id>1</user_id>
    <uuid>b3234693-d6ff-49eb-b510-77a6cec93c9b</uuid>
    <hospital_num>PM.049/062878</hospital_num>
  </anc>
  <anc>
    <anc_id>24</anc_id>
    <patient_id>1202</patient_id>
    <facility_id>523</facility_id>
    <anc_num>005891</anc_num>
    <date_visit>2017-09-20</date_visit>
    <unique_id>PM.5493</unique_id>
    <date_enrolled_pmtct>2017-09-20</date_enrolled_pmtct>
    <source_referral>Self-referral</source_referral>
    <lmp>2017-02-01</lmp>
    <edd>2017-11-08</edd>
    <gestational_age>28</gestational_age>
    <gravida>1</gravida>
    <parity>1</parity>
    <time_hiv_diagnosis>Previous - Non pregnant</time_hiv_diagnosis>
    <arv_regimen_past>ART</arv_regimen_past>
    <arv_regimen_current>ART</arv_regimen_current>
    <date_arv_regimen_current>2017-10-04</date_arv_regimen_current>
    <clinic_stage>Stage I</clinic_stage>
    <date_confirmed_hiv>2017-04-04</date_confirmed_hiv>
    <func_status>Working</func_status>
    <body_weight>60.0</body_weight>
    <cd4_ordered>Yes</cd4_ordered>
    <cd4>698.0</cd4>
    <number_anc_visit></number_anc_visit>
    <date_cd4></date_cd4>
    <viral_load_test_done></viral_load_test_done>
    <date_viral_load></date_viral_load>
    <syphilis_tested></syphilis_tested>
    <syphilis_test_result></syphilis_test_result>
    <syphilis_treated></syphilis_treated>
    <hepatitisb_tested></hepatitisb_tested>
    <hepatitisb_test_result></hepatitisb_test_result>
    <hepatitisc_tested></hepatitisc_tested>
    <hepatitisc_test_result></hepatitisc_test_result>
    <date_next_appointment></date_next_appointment>
    <viral_load_result></viral_load_result>
    <height></height>
    <time_stamp>2019-04-11 23:09:41.769</time_stamp>
    <uploaded></uploaded>
    <time_uploaded></time_uploaded>
    <user_id>1</user_id>
    <uuid>8898b4d8-5210-488e-9aac-f896589fca13</uuid>
    <hospital_num>PM.5493/005891</hospital_num>
  </anc>
  <anc>
    <anc_id>25</anc_id>
    <patient_id>1224</patient_id>
    <facility_id>523</facility_id>
    <anc_num>006043</anc_num>
    <date_visit>2018-01-03</date_visit>
    <unique_id>PM.5564</unique_id>
    <date_enrolled_pmtct>2018-01-03</date_enrolled_pmtct>
    <source_referral>Self-referral</source_referral>
    <lmp>2017-06-08</lmp>
    <edd>2018-03-15</edd>
    <gestational_age>28</gestational_age>
    <gravida>2</gravida>
    <parity>1</parity>
    <time_hiv_diagnosis>Previous - Non pregnant</time_hiv_diagnosis>
    <arv_regimen_past>ART</arv_regimen_past>
    <arv_regimen_current>ART</arv_regimen_current>
    <date_arv_regimen_current>2018-01-03</date_arv_regimen_current>
    <clinic_stage>Stage I</clinic_stage>
    <date_confirmed_hiv>2018-01-03</date_confirmed_hiv>
    <func_status>Working</func_status>
    <body_weight>58.0</body_weight>
    <cd4_ordered>Yes</cd4_ordered>
    <cd4>1056.0</cd4>
    <number_anc_visit></number_anc_visit>
    <date_cd4></date_cd4>
    <viral_load_test_done></viral_load_test_done>
    <date_viral_load></date_viral_load>
    <syphilis_tested></syphilis_tested>
    <syphilis_test_result></syphilis_test_result>
    <syphilis_treated></syphilis_treated>
    <hepatitisb_tested></hepatitisb_tested>
    <hepatitisb_test_result></hepatitisb_test_result>
    <hepatitisc_tested></hepatitisc_tested>
    <hepatitisc_test_result></hepatitisc_test_result>
    <date_next_appointment></date_next_appointment>
    <viral_load_result></viral_load_result>
    <height></height>
    <time_stamp>2019-04-11 23:09:41.816</time_stamp>
    <uploaded></uploaded>
    <time_uploaded></time_uploaded>
    <user_id>1</user_id>
    <uuid>40bee560-ba13-4745-92dd-2b81c114f2bc</uuid>
    <hospital_num>PM.5564/006043</hospital_num>
  </anc>
  <anc>
    <anc_id>26</anc_id>
    <patient_id>4334</patient_id>
    <facility_id>523</facility_id>
    <anc_num>006167</anc_num>
    <date_visit>2018-03-21</date_visit>
    <unique_id>CT.3317</unique_id>
    <date_enrolled_pmtct>2018-03-21</date_enrolled_pmtct>
    <source_referral>Self-referral</source_referral>
    <lmp>2017-12-04</lmp>
    <edd>2018-09-11</edd>
    <gestational_age>16</gestational_age>
    <gravida>2</gravida>
    <parity>1</parity>
    <time_hiv_diagnosis>Previous - Non pregnant</time_hiv_diagnosis>
    <arv_regimen_past>ART</arv_regimen_past>
    <arv_regimen_current>ART</arv_regimen_current>
    <date_arv_regimen_current></date_arv_regimen_current>
    <clinic_stage>Stage I</clinic_stage>
    <date_confirmed_hiv>2013-03-28</date_confirmed_hiv>
    <func_status>Working</func_status>
    <body_weight>90.0</body_weight>
    <cd4_ordered>Yes</cd4_ordered>
    <cd4>674.0</cd4>
    <number_anc_visit></number_anc_visit>
    <date_cd4></date_cd4>
    <viral_load_test_done></viral_load_test_done>
    <date_viral_load></date_viral_load>
    <syphilis_tested></syphilis_tested>
    <syphilis_test_result></syphilis_test_result>
    <syphilis_treated></syphilis_treated>
    <hepatitisb_tested></hepatitisb_tested>
    <hepatitisb_test_result></hepatitisb_test_result>
    <hepatitisc_tested></hepatitisc_tested>
    <hepatitisc_test_result></hepatitisc_test_result>
    <date_next_appointment></date_next_appointment>
    <viral_load_result></viral_load_result>
    <height></height>
    <time_stamp>2019-04-11 23:09:41.819</time_stamp>
    <uploaded></uploaded>
    <time_uploaded></time_uploaded>
    <user_id>1</user_id>
    <uuid>dc273eca-4ced-4a9a-8652-14cb8cc4bf5c</uuid>
    <hospital_num>CT.3317/086030</hospital_num>
  </anc>
  <anc>
    <anc_id>27</anc_id>
    <patient_id>1975</patient_id>
    <facility_id>523</facility_id>
    <anc_num>006229</anc_num>
    <date_visit>2018-04-18</date_visit>
    <unique_id>PM.4885</unique_id>
    <date_enrolled_pmtct>2018-04-18</date_enrolled_pmtct>
    <source_referral>Self-referral</source_referral>
    <lmp>2017-11-06</lmp>
    <edd>2018-08-13</edd>
    <gestational_age>20</gestational_age>
    <gravida>2</gravida>
    <parity>1</parity>
    <time_hiv_diagnosis>Previous - Non pregnant</time_hiv_diagnosis>
    <arv_regimen_past>ART</arv_regimen_past>
    <arv_regimen_current>ART</arv_regimen_current>
    <date_arv_regimen_current>2009-08-04</date_arv_regimen_current>
    <clinic_stage>Stage I</clinic_stage>
    <date_confirmed_hiv>2009-08-04</date_confirmed_hiv>
    <func_status>Working</func_status>
    <body_weight>75.0</body_weight>
    <cd4_ordered>Yes</cd4_ordered>
    <cd4>905.0</cd4>
    <number_anc_visit></number_anc_visit>
    <date_cd4></date_cd4>
    <viral_load_test_done></viral_load_test_done>
    <date_viral_load></date_viral_load>
    <syphilis_tested></syphilis_tested>
    <syphilis_test_result></syphilis_test_result>
    <syphilis_treated></syphilis_treated>
    <hepatitisb_tested></hepatitisb_tested>
    <hepatitisb_test_result></hepatitisb_test_result>
    <hepatitisc_tested></hepatitisc_tested>
    <hepatitisc_test_result></hepatitisc_test_result>
    <date_next_appointment></date_next_appointment>
    <viral_load_result></viral_load_result>
    <height></height>
    <time_stamp>2019-04-11 23:09:41.819</time_stamp>
    <uploaded></uploaded>
    <time_uploaded></time_uploaded>
    <user_id>1</user_id>
    <uuid>69001fb6-cf98-4983-8061-a5a76f8365ea</uuid>
    <hospital_num>TI.4885/004730</hospital_num>
  </anc>
  <anc>
    <anc_id>28</anc_id>
    <patient_id>1846</patient_id>
    <facility_id>523</facility_id>
    <anc_num>006384</anc_num>
    <date_visit>2018-07-18</date_visit>
    <unique_id>CT.1194</unique_id>
    <date_enrolled_pmtct>2018-07-18</date_enrolled_pmtct>
    <source_referral>Self-referral</source_referral>
    <lmp>2017-10-12</lmp>
    <edd>2018-07-19</edd>
    <gestational_age>32</gestational_age>
    <gravida>3</gravida>
    <parity>2</parity>
    <time_hiv_diagnosis>Previous - Non pregnant</time_hiv_diagnosis>
    <arv_regimen_past>ART</arv_regimen_past>
    <arv_regimen_current>ART</arv_regimen_current>
    <date_arv_regimen_current>2016-01-16</date_arv_regimen_current>
    <clinic_stage>Stage I</clinic_stage>
    <date_confirmed_hiv>2015-06-05</date_confirmed_hiv>
    <func_status>Working</func_status>
    <body_weight>56.0</body_weight>
    <cd4_ordered>Yes</cd4_ordered>
    <cd4>738.0</cd4>
    <number_anc_visit></number_anc_visit>
    <date_cd4></date_cd4>
    <viral_load_test_done></viral_load_test_done>
    <date_viral_load></date_viral_load>
    <syphilis_tested></syphilis_tested>
    <syphilis_test_result></syphilis_test_result>
    <syphilis_treated></syphilis_treated>
    <hepatitisb_tested></hepatitisb_tested>
    <hepatitisb_test_result></hepatitisb_test_result>
    <hepatitisc_tested></hepatitisc_tested>
    <hepatitisc_test_result></hepatitisc_test_result>
    <date_next_appointment></date_next_appointment>
    <viral_load_result></viral_load_result>
    <height></height>
    <time_stamp>2019-04-11 23:09:41.827</time_stamp>
    <uploaded></uploaded>
    <time_uploaded></time_uploaded>
    <user_id>1</user_id>
    <uuid>566d879b-f3b9-4372-a873-55f5b885b45f</uuid>
    <hospital_num>CT.4637/092969</hospital_num>
  </anc>
  <anc>
    <anc_id>29</anc_id>
    <patient_id>1931</patient_id>
    <facility_id>523</facility_id>
    <anc_num>006344</anc_num>
    <date_visit>2018-07-04</date_visit>
    <unique_id>CT.2530</unique_id>
    <date_enrolled_pmtct>2018-07-04</date_enrolled_pmtct>
    <source_referral>Self-referral</source_referral>
    <lmp>2018-01-25</lmp>
    <edd>2018-11-01</edd>
    <gestational_age>26</gestational_age>
    <gravida>2</gravida>
    <parity>0</parity>
    <time_hiv_diagnosis>Previous - Non pregnant</time_hiv_diagnosis>
    <arv_regimen_past>ART</arv_regimen_past>
    <arv_regimen_current>ART</arv_regimen_current>
    <date_arv_regimen_current>2012-06-25</date_arv_regimen_current>
    <clinic_stage>Stage I</clinic_stage>
    <date_confirmed_hiv>2012-04-03</date_confirmed_hiv>
    <func_status>Working</func_status>
    <body_weight>49.0</body_weight>
    <cd4_ordered>Yes</cd4_ordered>
    <cd4>447.0</cd4>
    <number_anc_visit></number_anc_visit>
    <date_cd4></date_cd4>
    <viral_load_test_done></viral_load_test_done>
    <date_viral_load></date_viral_load>
    <syphilis_tested></syphilis_tested>
    <syphilis_test_result></syphilis_test_result>
    <syphilis_treated></syphilis_treated>
    <hepatitisb_tested></hepatitisb_tested>
    <hepatitisb_test_result></hepatitisb_test_result>
    <hepatitisc_tested></hepatitisc_tested>
    <hepatitisc_test_result></hepatitisc_test_result>
    <date_next_appointment></date_next_appointment>
    <viral_load_result></viral_load_result>
    <height></height>
    <time_stamp>2019-04-11 23:09:41.83</time_stamp>
    <uploaded></uploaded>
    <time_uploaded></time_uploaded>
    <user_id>1</user_id>
    <uuid>9e16e081-dd97-4992-8649-e28e94c1ab2e</uuid>
    <hospital_num>CT.2530/081815</hospital_num>
  </anc>
  <anc>
    <anc_id>30</anc_id>
    <patient_id>1589</patient_id>
    <facility_id>523</facility_id>
    <anc_num>002249</anc_num>
    <date_visit>2019-02-27</date_visit>
    <unique_id>PM.5933</unique_id>
    <date_enrolled_pmtct>2019-02-27</date_enrolled_pmtct>
    <source_referral>In-patients</source_referral>
    <lmp>2019-02-27</lmp>
    <edd>2019-12-04</edd>
    <gestational_age>1</gestational_age>
    <gravida>2</gravida>
    <parity>1</parity>
    <time_hiv_diagnosis>ANC</time_hiv_diagnosis>
    <arv_regimen_past>ART</arv_regimen_past>
    <arv_regimen_current>ART</arv_regimen_current>
    <date_arv_regimen_current>2019-02-27</date_arv_regimen_current>
    <clinic_stage>Stage I</clinic_stage>
    <date_confirmed_hiv>2019-03-27</date_confirmed_hiv>
    <func_status>Working</func_status>
    <body_weight>51.0</body_weight>
    <cd4_ordered>Yes</cd4_ordered>
    <cd4></cd4>
    <number_anc_visit></number_anc_visit>
    <date_cd4></date_cd4>
    <viral_load_test_done></viral_load_test_done>
    <date_viral_load></date_viral_load>
    <syphilis_tested></syphilis_tested>
    <syphilis_test_result></syphilis_test_result>
    <syphilis_treated></syphilis_treated>
    <hepatitisb_tested></hepatitisb_tested>
    <hepatitisb_test_result></hepatitisb_test_result>
    <hepatitisc_tested></hepatitisc_tested>
    <hepatitisc_test_result></hepatitisc_test_result>
    <date_next_appointment></date_next_appointment>
    <viral_load_result></viral_load_result>
    <height></height>
    <time_stamp>2019-04-11 23:09:41.835</time_stamp>
    <uploaded></uploaded>
    <time_uploaded></time_uploaded>
    <user_id>1</user_id>
    <uuid>645144c0-e1a9-4f9b-989a-e907405b9df4</uuid>
    <hospital_num>PM.5933/002623</hospital_num>
  </anc>
  <anc>
    <anc_id>31</anc_id>
    <patient_id>1593</patient_id>
    <facility_id>523</facility_id>
    <anc_num>002623</anc_num>
    <date_visit>2019-02-27</date_visit>
    <unique_id>pm.5942</unique_id>
    <date_enrolled_pmtct>2019-02-27</date_enrolled_pmtct>
    <source_referral>Self-referral</source_referral>
    <lmp>2018-07-26</lmp>
    <edd>2019-05-03</edd>
    <gestational_age>32</gestational_age>
    <gravida>2</gravida>
    <parity>1</parity>
    <time_hiv_diagnosis>ANC</time_hiv_diagnosis>
    <arv_regimen_past>ART</arv_regimen_past>
    <arv_regimen_current>ART</arv_regimen_current>
    <date_arv_regimen_current>2019-02-27</date_arv_regimen_current>
    <clinic_stage>Stage I</clinic_stage>
    <date_confirmed_hiv>2019-02-27</date_confirmed_hiv>
    <func_status>Working</func_status>
    <body_weight>51.0</body_weight>
    <cd4_ordered>Yes</cd4_ordered>
    <cd4></cd4>
    <number_anc_visit></number_anc_visit>
    <date_cd4></date_cd4>
    <viral_load_test_done></viral_load_test_done>
    <date_viral_load></date_viral_load>
    <syphilis_tested></syphilis_tested>
    <syphilis_test_result></syphilis_test_result>
    <syphilis_treated></syphilis_treated>
    <hepatitisb_tested></hepatitisb_tested>
    <hepatitisb_test_result></hepatitisb_test_result>
    <hepatitisc_tested></hepatitisc_tested>
    <hepatitisc_test_result></hepatitisc_test_result>
    <date_next_appointment></date_next_appointment>
    <viral_load_result></viral_load_result>
    <height></height>
    <time_stamp>2019-04-11 23:09:41.869</time_stamp>
    <uploaded></uploaded>
    <time_uploaded></time_uploaded>
    <user_id>1</user_id>
    <uuid>b27ba8c0-30f3-4efb-a1c0-0e7686a823eb</uuid>
    <hospital_num>PM.5942/002498</hospital_num>
  </anc>
  <anc>
    <anc_id>32</anc_id>
    <patient_id>1630</patient_id>
    <facility_id>523</facility_id>
    <anc_num>003065</anc_num>
    <date_visit>2019-03-20</date_visit>
    <unique_id>PM.5962</unique_id>
    <date_enrolled_pmtct>2019-03-20</date_enrolled_pmtct>
    <source_referral>Self-referral</source_referral>
    <lmp>2018-10-17</lmp>
    <edd>2019-06-19</edd>
    <gestational_age>22</gestational_age>
    <gravida>1</gravida>
    <parity>1</parity>
    <time_hiv_diagnosis>ANC</time_hiv_diagnosis>
    <arv_regimen_past>ART</arv_regimen_past>
    <arv_regimen_current>ART</arv_regimen_current>
    <date_arv_regimen_current>2019-03-21</date_arv_regimen_current>
    <clinic_stage>Stage I</clinic_stage>
    <date_confirmed_hiv>2019-03-20</date_confirmed_hiv>
    <func_status>Working</func_status>
    <body_weight>60.0</body_weight>
    <cd4_ordered>Yes</cd4_ordered>
    <cd4></cd4>
    <number_anc_visit></number_anc_visit>
    <date_cd4></date_cd4>
    <viral_load_test_done></viral_load_test_done>
    <date_viral_load></date_viral_load>
    <syphilis_tested></syphilis_tested>
    <syphilis_test_result></syphilis_test_result>
    <syphilis_treated></syphilis_treated>
    <hepatitisb_tested></hepatitisb_tested>
    <hepatitisb_test_result></hepatitisb_test_result>
    <hepatitisc_tested></hepatitisc_tested>
    <hepatitisc_test_result></hepatitisc_test_result>
    <date_next_appointment></date_next_appointment>
    <viral_load_result></viral_load_result>
    <height></height>
    <time_stamp>2019-04-11 23:09:41.873</time_stamp>
    <uploaded></uploaded>
    <time_uploaded></time_uploaded>
    <user_id>1</user_id>
    <uuid>cd132983-6699-49fd-927e-027dd35aa05d</uuid>
    <hospital_num>PM.5962/003065</hospital_num>
  </anc>
</ancs>
