<?xml version="1.0" encoding="UTF-8"?>

<casemanagers>
  <casemanager>
    <casemanager_id>1</casemanager_id>
    <facility_id>523</facility_id>
    <fullname>Goodnews Emmanuel Okon</fullname>
    <sex>female</sex>
    <age>28</age>
    <phone_number>08067955153</phone_number>
    <religion></religion>
    <address>C/O General Hospital Etinan</address>
    <time_stamp>2019-04-11 22:47:57.121</time_stamp>
    <user_id>0</user_id>
    <uploaded></uploaded>
    <time_uploaded></time_uploaded>
    <local_id>1</local_id>
    <uuid>bf509b2c-2ca2-479a-803c-dcf293f89ec7</uuid>
  </casemanager>
  <casemanager>
    <casemanager_id>2</casemanager_id>
    <facility_id>523</facility_id>
    <fullname>Luisa Sarki</fullname>
    <sex>female</sex>
    <age>24</age>
    <phone_number>07033160095</phone_number>
    <religion></religion>
    <address>Ikot Ntuen Nsit, off Abak road, Uyo</address>
    <time_stamp>2019-04-11 22:47:57.136</time_stamp>
    <user_id>0</user_id>
    <uploaded></uploaded>
    <time_uploaded></time_uploaded>
    <local_id>2</local_id>
    <uuid>702b165b-49ce-4b60-a860-fd174da03c95</uuid>
  </casemanager>
  <casemanager>
    <casemanager_id>3</casemanager_id>
    <facility_id>523</facility_id>
    <fullname>Akadu, Atim Effiong</fullname>
    <sex>female</sex>
    <age>28</age>
    <phone_number>08130701897</phone_number>
    <religion></religion>
    <address>No.71 Hospital Road, Etinan</address>
    <time_stamp>2019-04-11 22:47:57.139</time_stamp>
    <user_id>0</user_id>
    <uploaded></uploaded>
    <time_uploaded></time_uploaded>
    <local_id>3</local_id>
    <uuid>57498496-40bf-48a8-85c0-56de18cf1606</uuid>
  </casemanager>
  <casemanager>
    <casemanager_id>4</casemanager_id>
    <facility_id>523</facility_id>
    <fullname>Ode, Augustine Alegwe</fullname>
    <sex>male</sex>
    <age>32</age>
    <phone_number>08168427003</phone_number>
    <religion></religion>
    <address>No. 7 Udokang Close, off Utang Street, Nwaniba Road, Uyo.</address>
    <time_stamp>2019-04-11 22:47:57.143</time_stamp>
    <user_id>0</user_id>
    <uploaded></uploaded>
    <time_uploaded></time_uploaded>
    <local_id>4</local_id>
    <uuid>4eb5f946-32cf-4539-8f21-aefd32259a1f</uuid>
  </casemanager>
  <casemanager>
    <casemanager_id>5</casemanager_id>
    <facility_id>523</facility_id>
    <fullname>Noah Enyiana Frank</fullname>
    <sex>male</sex>
    <age>35</age>
    <phone_number>07064539672</phone_number>
    <religion></religion>
    <address>Ikot Ntuen Offot, Uyo.</address>
    <time_stamp>2019-04-11 22:47:57.148</time_stamp>
    <user_id>0</user_id>
    <uploaded></uploaded>
    <time_uploaded></time_uploaded>
    <local_id>5</local_id>
    <uuid>1be2c010-baaf-4108-9ec9-2dce9f727698</uuid>
  </casemanager>
  <casemanager>
    <casemanager_id>6</casemanager_id>
    <facility_id>523</facility_id>
    <fullname>Christian Bassey Udoh</fullname>
    <sex>male</sex>
    <age></age>
    <phone_number>07082693157</phone_number>
    <religion></religion>
    <address>Ebiyak Street, Ikot Ebiyak, Etinan</address>
    <time_stamp>2019-04-11 22:47:57.151</time_stamp>
    <user_id>0</user_id>
    <uploaded></uploaded>
    <time_uploaded></time_uploaded>
    <local_id>6</local_id>
    <uuid>e6319612-6563-4ca4-ae5b-77a27841075c</uuid>
  </casemanager>
</casemanagers>
