<?xml version="1.0" encoding="UTF-8"?>

<htss>
  <hts>
    <hts_id>12</hts_id>
    <client_code>0182</client_code>
    <hospital_num></hospital_num>
    <state_id>8</state_id>
    <lga_id>148</lga_id>
    <facility_id>523</facility_id>
    <facility_name>ak Etinan General Hospital</facility_name>
    <date_visit>2019-06-30</date_visit>
    <referred_from>STI</referred_from>
    <testing_setting>CT</testing_setting>
    <surname>ANINWANGE</surname>
    <other_names>AMOOSE</other_names>
    <date_birth>2019-06-30</date_birth>
    <age>1</age>
    <age_unit>month(s)</age_unit>
    <phone>277733</phone>
    <address>MALLAM NICE</address>
    <gender>Male</gender>
    <first_time_visit>Yes</first_time_visit>
    <state>Borno</state>
    <lga>Damboa</lga>
    <marital_status>Single</marital_status>
    <num_children>1</num_children>
    <num_wives>1</num_wives>
    <type_counseling>Individual</type_counseling>
    <index_client>Yes</index_client>
    <type_index>Sexual</type_index>
    <index_client_code>1222</index_client_code>
    <knowledge_assessment1></knowledge_assessment1>
    <knowledge_assessment2></knowledge_assessment2>
    <knowledge_assessment3></knowledge_assessment3>
    <knowledge_assessment4></knowledge_assessment4>
    <knowledge_assessment5></knowledge_assessment5>
    <knowledge_assessment6></knowledge_assessment6>
    <knowledge_assessment7></knowledge_assessment7>
    <risk_assessment1></risk_assessment1>
    <risk_assessment2></risk_assessment2>
    <risk_assessment3></risk_assessment3>
    <risk_assessment4></risk_assessment4>
    <risk_assessment5></risk_assessment5>
    <risk_assessment6></risk_assessment6>
    <tb_screening1></tb_screening1>
    <tb_screening2></tb_screening2>
    <tb_screening3></tb_screening3>
    <tb_screening4></tb_screening4>
    <sti_screening1></sti_screening1>
    <sti_screening2></sti_screening2>
    <sti_screening3></sti_screening3>
    <sti_screening4></sti_screening4>
    <sti_screening5></sti_screening5>
    <hiv_test_result></hiv_test_result>
    <tested_hiv></tested_hiv>
    <post_test1></post_test1>
    <post_test2></post_test2>
    <post_test3></post_test3>
    <post_test4></post_test4>
    <post_test5></post_test5>
    <post_test6></post_test6>
    <post_test7></post_test7>
    <post_test8></post_test8>
    <post_test9></post_test9>
    <post_test10></post_test10>
    <post_test11></post_test11>
    <post_test12></post_test12>
    <post_test13></post_test13>
    <post_test14></post_test14>
    <syphilis_test_result></syphilis_test_result>
    <hepatitisb_test_result></hepatitisb_test_result>
    <hepatitisc_test_result></hepatitisc_test_result>
    <sti_referred></sti_referred>
    <tb_referred></tb_referred>
    <art_referred></art_referred>
    <partner_notification></partner_notification>
    <notification_counseling></notification_counseling>
    <number_partner>0</number_partner>
    <date_registration></date_registration>
    <date_started></date_started>
    <note></note>
    <longitude></longitude>
    <latitude></latitude>
    <time_stamp>2019-06-30 15:33:51.457</time_stamp>
    <user_id>1</user_id>
    <deviceconfig_id></deviceconfig_id>
    <uploaded></uploaded>
    <time_uploaded></time_uploaded>
    <uuid></uuid>
    <assessment_id>75</assessment_id>
  </hts>
  <hts>
    <hts_id>5</hts_id>
    <client_code>2662</client_code>
    <hospital_num></hospital_num>
    <state_id>14</state_id>
    <lga_id>260</lga_id>
    <facility_id>523</facility_id>
    <facility_name></facility_name>
    <date_visit>2019-06-29</date_visit>
    <referred_from></referred_from>
    <testing_setting></testing_setting>
    <surname>AGA</surname>
    <other_names>Ooaoo</other_names>
    <date_birth></date_birth>
    <age>1</age>
    <age_unit>month(s)</age_unit>
    <phone>1991</phone>
    <address>hhwhw</address>
    <gender>Male</gender>
    <first_time_visit>Yes</first_time_visit>
    <state></state>
    <lga></lga>
    <marital_status>Single</marital_status>
    <num_children>1</num_children>
    <num_wives>1</num_wives>
    <type_counseling>Individual</type_counseling>
    <index_client>Yes</index_client>
    <type_index>Biological</type_index>
    <index_client_code>26726</index_client_code>
    <knowledge_assessment1></knowledge_assessment1>
    <knowledge_assessment2></knowledge_assessment2>
    <knowledge_assessment3></knowledge_assessment3>
    <knowledge_assessment4></knowledge_assessment4>
    <knowledge_assessment5></knowledge_assessment5>
    <knowledge_assessment6></knowledge_assessment6>
    <knowledge_assessment7></knowledge_assessment7>
    <risk_assessment1></risk_assessment1>
    <risk_assessment2></risk_assessment2>
    <risk_assessment3></risk_assessment3>
    <risk_assessment4></risk_assessment4>
    <risk_assessment5></risk_assessment5>
    <risk_assessment6></risk_assessment6>
    <tb_screening1></tb_screening1>
    <tb_screening2></tb_screening2>
    <tb_screening3></tb_screening3>
    <tb_screening4></tb_screening4>
    <sti_screening1></sti_screening1>
    <sti_screening2></sti_screening2>
    <sti_screening3></sti_screening3>
    <sti_screening4></sti_screening4>
    <sti_screening5></sti_screening5>
    <hiv_test_result></hiv_test_result>
    <tested_hiv></tested_hiv>
    <post_test1></post_test1>
    <post_test2></post_test2>
    <post_test3></post_test3>
    <post_test4></post_test4>
    <post_test5></post_test5>
    <post_test6></post_test6>
    <post_test7></post_test7>
    <post_test8></post_test8>
    <post_test9></post_test9>
    <post_test10></post_test10>
    <post_test11></post_test11>
    <post_test12></post_test12>
    <post_test13></post_test13>
    <post_test14></post_test14>
    <syphilis_test_result></syphilis_test_result>
    <hepatitisb_test_result></hepatitisb_test_result>
    <hepatitisc_test_result></hepatitisc_test_result>
    <sti_referred></sti_referred>
    <tb_referred></tb_referred>
    <art_referred></art_referred>
    <partner_notification></partner_notification>
    <notification_counseling></notification_counseling>
    <number_partner>0</number_partner>
    <date_registration></date_registration>
    <date_started></date_started>
    <note></note>
    <longitude></longitude>
    <latitude></latitude>
    <time_stamp>2019-07-03 10:18:20.723</time_stamp>
    <user_id>1</user_id>
    <deviceconfig_id>2</deviceconfig_id>
    <uploaded></uploaded>
    <time_uploaded></time_uploaded>
    <uuid></uuid>
    <assessment_id>64</assessment_id>
  </hts>
  <hts>
    <hts_id>6</hts_id>
    <client_code>12122</client_code>
    <hospital_num></hospital_num>
    <state_id>3</state_id>
    <lga_id>41</lga_id>
    <facility_id>523</facility_id>
    <facility_name></facility_name>
    <date_visit>2019-06-29</date_visit>
    <referred_from></referred_from>
    <testing_setting></testing_setting>
    <surname>OYS</surname>
    <other_names>1ua</other_names>
    <date_birth></date_birth>
    <age>1</age>
    <age_unit>month(s)</age_unit>
    <phone></phone>
    <address>iqi</address>
    <gender>Male</gender>
    <first_time_visit>Yes</first_time_visit>
    <state></state>
    <lga></lga>
    <marital_status>Single</marital_status>
    <num_children>1</num_children>
    <num_wives>1</num_wives>
    <type_counseling>Individual</type_counseling>
    <index_client>Yes</index_client>
    <type_index>Biological</type_index>
    <index_client_code>77</index_client_code>
    <knowledge_assessment1></knowledge_assessment1>
    <knowledge_assessment2></knowledge_assessment2>
    <knowledge_assessment3></knowledge_assessment3>
    <knowledge_assessment4></knowledge_assessment4>
    <knowledge_assessment5></knowledge_assessment5>
    <knowledge_assessment6></knowledge_assessment6>
    <knowledge_assessment7></knowledge_assessment7>
    <risk_assessment1></risk_assessment1>
    <risk_assessment2></risk_assessment2>
    <risk_assessment3></risk_assessment3>
    <risk_assessment4></risk_assessment4>
    <risk_assessment5></risk_assessment5>
    <risk_assessment6></risk_assessment6>
    <tb_screening1></tb_screening1>
    <tb_screening2></tb_screening2>
    <tb_screening3></tb_screening3>
    <tb_screening4></tb_screening4>
    <sti_screening1></sti_screening1>
    <sti_screening2></sti_screening2>
    <sti_screening3></sti_screening3>
    <sti_screening4></sti_screening4>
    <sti_screening5></sti_screening5>
    <hiv_test_result></hiv_test_result>
    <tested_hiv></tested_hiv>
    <post_test1></post_test1>
    <post_test2></post_test2>
    <post_test3></post_test3>
    <post_test4></post_test4>
    <post_test5></post_test5>
    <post_test6></post_test6>
    <post_test7></post_test7>
    <post_test8></post_test8>
    <post_test9></post_test9>
    <post_test10></post_test10>
    <post_test11></post_test11>
    <post_test12></post_test12>
    <post_test13></post_test13>
    <post_test14></post_test14>
    <syphilis_test_result></syphilis_test_result>
    <hepatitisb_test_result></hepatitisb_test_result>
    <hepatitisc_test_result></hepatitisc_test_result>
    <sti_referred></sti_referred>
    <tb_referred></tb_referred>
    <art_referred></art_referred>
    <partner_notification></partner_notification>
    <notification_counseling></notification_counseling>
    <number_partner>0</number_partner>
    <date_registration></date_registration>
    <date_started></date_started>
    <note></note>
    <longitude></longitude>
    <latitude></latitude>
    <time_stamp>2019-07-03 10:18:20.794</time_stamp>
    <user_id>1</user_id>
    <deviceconfig_id>2</deviceconfig_id>
    <uploaded></uploaded>
    <time_uploaded></time_uploaded>
    <uuid></uuid>
    <assessment_id>67</assessment_id>
  </hts>
  <hts>
    <hts_id>9</hts_id>
    <client_code>2552</client_code>
    <hospital_num></hospital_num>
    <state_id>9</state_id>
    <lga_id>173</lga_id>
    <facility_id>523</facility_id>
    <facility_name>ak Etinan General Hospital</facility_name>
    <date_visit>2019-06-30</date_visit>
    <referred_from></referred_from>
    <testing_setting></testing_setting>
    <surname>osy</surname>
    <other_names>oyisco</other_names>
    <date_birth>2019-06-30</date_birth>
    <age>1</age>
    <age_unit>month(s)</age_unit>
    <phone>222</phone>
    <address>loka</address>
    <gender>Female</gender>
    <first_time_visit>Yes</first_time_visit>
    <state>Cross River</state>
    <lga>Bekwarra</lga>
    <marital_status>Married</marital_status>
    <num_children>2</num_children>
    <num_wives>1</num_wives>
    <type_counseling>Individual</type_counseling>
    <index_client>Yes</index_client>
    <type_index>Biological</type_index>
    <index_client_code>122</index_client_code>
    <knowledge_assessment1></knowledge_assessment1>
    <knowledge_assessment2></knowledge_assessment2>
    <knowledge_assessment3></knowledge_assessment3>
    <knowledge_assessment4></knowledge_assessment4>
    <knowledge_assessment5></knowledge_assessment5>
    <knowledge_assessment6></knowledge_assessment6>
    <knowledge_assessment7></knowledge_assessment7>
    <risk_assessment1></risk_assessment1>
    <risk_assessment2></risk_assessment2>
    <risk_assessment3></risk_assessment3>
    <risk_assessment4></risk_assessment4>
    <risk_assessment5></risk_assessment5>
    <risk_assessment6></risk_assessment6>
    <tb_screening1></tb_screening1>
    <tb_screening2></tb_screening2>
    <tb_screening3></tb_screening3>
    <tb_screening4></tb_screening4>
    <sti_screening1></sti_screening1>
    <sti_screening2></sti_screening2>
    <sti_screening3></sti_screening3>
    <sti_screening4></sti_screening4>
    <sti_screening5></sti_screening5>
    <hiv_test_result></hiv_test_result>
    <tested_hiv></tested_hiv>
    <post_test1></post_test1>
    <post_test2></post_test2>
    <post_test3></post_test3>
    <post_test4></post_test4>
    <post_test5></post_test5>
    <post_test6></post_test6>
    <post_test7></post_test7>
    <post_test8></post_test8>
    <post_test9></post_test9>
    <post_test10></post_test10>
    <post_test11></post_test11>
    <post_test12></post_test12>
    <post_test13></post_test13>
    <post_test14></post_test14>
    <syphilis_test_result></syphilis_test_result>
    <hepatitisb_test_result></hepatitisb_test_result>
    <hepatitisc_test_result></hepatitisc_test_result>
    <sti_referred></sti_referred>
    <tb_referred></tb_referred>
    <art_referred></art_referred>
    <partner_notification></partner_notification>
    <notification_counseling></notification_counseling>
    <number_partner>0</number_partner>
    <date_registration></date_registration>
    <date_started></date_started>
    <note></note>
    <longitude></longitude>
    <latitude></latitude>
    <time_stamp>2019-07-03 10:18:20.885</time_stamp>
    <user_id>1</user_id>
    <deviceconfig_id>1</deviceconfig_id>
    <uploaded></uploaded>
    <time_uploaded></time_uploaded>
    <uuid></uuid>
    <assessment_id>71</assessment_id>
  </hts>
  <hts>
    <hts_id>10</hts_id>
    <client_code>237721</client_code>
    <hospital_num></hospital_num>
    <state_id>9</state_id>
    <lga_id>171</lga_id>
    <facility_id>523</facility_id>
    <facility_name>ak Etinan General Hospital</facility_name>
    <date_visit>2019-06-30</date_visit>
    <referred_from></referred_from>
    <testing_setting></testing_setting>
    <surname>jost</surname>
    <other_names>oyisco</other_names>
    <date_birth>2019-06-30</date_birth>
    <age>1</age>
    <age_unit>month(s)</age_unit>
    <phone>2662</phone>
    <address>lokaooa</address>
    <gender>Male</gender>
    <first_time_visit>Yes</first_time_visit>
    <state>Cross River</state>
    <lga>Akpabuyo</lga>
    <marital_status>Single</marital_status>
    <num_children>1</num_children>
    <num_wives>1</num_wives>
    <type_counseling>Couple</type_counseling>
    <index_client>Yes</index_client>
    <type_index>Biological</type_index>
    <index_client_code>262</index_client_code>
    <knowledge_assessment1></knowledge_assessment1>
    <knowledge_assessment2></knowledge_assessment2>
    <knowledge_assessment3></knowledge_assessment3>
    <knowledge_assessment4></knowledge_assessment4>
    <knowledge_assessment5></knowledge_assessment5>
    <knowledge_assessment6></knowledge_assessment6>
    <knowledge_assessment7></knowledge_assessment7>
    <risk_assessment1></risk_assessment1>
    <risk_assessment2></risk_assessment2>
    <risk_assessment3></risk_assessment3>
    <risk_assessment4></risk_assessment4>
    <risk_assessment5></risk_assessment5>
    <risk_assessment6></risk_assessment6>
    <tb_screening1></tb_screening1>
    <tb_screening2></tb_screening2>
    <tb_screening3></tb_screening3>
    <tb_screening4></tb_screening4>
    <sti_screening1></sti_screening1>
    <sti_screening2></sti_screening2>
    <sti_screening3></sti_screening3>
    <sti_screening4></sti_screening4>
    <sti_screening5></sti_screening5>
    <hiv_test_result></hiv_test_result>
    <tested_hiv></tested_hiv>
    <post_test1></post_test1>
    <post_test2></post_test2>
    <post_test3></post_test3>
    <post_test4></post_test4>
    <post_test5></post_test5>
    <post_test6></post_test6>
    <post_test7></post_test7>
    <post_test8></post_test8>
    <post_test9></post_test9>
    <post_test10></post_test10>
    <post_test11></post_test11>
    <post_test12></post_test12>
    <post_test13></post_test13>
    <post_test14></post_test14>
    <syphilis_test_result></syphilis_test_result>
    <hepatitisb_test_result></hepatitisb_test_result>
    <hepatitisc_test_result></hepatitisc_test_result>
    <sti_referred></sti_referred>
    <tb_referred></tb_referred>
    <art_referred></art_referred>
    <partner_notification></partner_notification>
    <notification_counseling></notification_counseling>
    <number_partner>0</number_partner>
    <date_registration></date_registration>
    <date_started></date_started>
    <note></note>
    <longitude></longitude>
    <latitude></latitude>
    <time_stamp>2019-07-03 10:18:20.895</time_stamp>
    <user_id>1</user_id>
    <deviceconfig_id>1</deviceconfig_id>
    <uploaded></uploaded>
    <time_uploaded></time_uploaded>
    <uuid></uuid>
    <assessment_id>72</assessment_id>
  </hts>
  <hts>
    <hts_id>4</hts_id>
    <client_code>4456777</client_code>
    <hospital_num></hospital_num>
    <state_id>9</state_id>
    <lga_id>170</lga_id>
    <facility_id>523</facility_id>
    <facility_name>ak Etinan General Hospital</facility_name>
    <date_visit>2019-05-25</date_visit>
    <referred_from></referred_from>
    <testing_setting></testing_setting>
    <surname>ALI</surname>
    <other_names></other_names>
    <date_birth>2019-06-30</date_birth>
    <age>1</age>
    <age_unit>month(s)</age_unit>
    <phone>348484</phone>
    <address>loa</address>
    <gender>Male</gender>
    <first_time_visit>Yes</first_time_visit>
    <state>Cross River</state>
    <lga>Akamkpa</lga>
    <marital_status>Married</marital_status>
    <num_children>1</num_children>
    <num_wives>1</num_wives>
    <type_counseling>Individual</type_counseling>
    <index_client>Yes</index_client>
    <type_index>Biological</type_index>
    <index_client_code>262</index_client_code>
    <knowledge_assessment1></knowledge_assessment1>
    <knowledge_assessment2></knowledge_assessment2>
    <knowledge_assessment3></knowledge_assessment3>
    <knowledge_assessment4></knowledge_assessment4>
    <knowledge_assessment5></knowledge_assessment5>
    <knowledge_assessment6></knowledge_assessment6>
    <knowledge_assessment7></knowledge_assessment7>
    <risk_assessment1></risk_assessment1>
    <risk_assessment2></risk_assessment2>
    <risk_assessment3></risk_assessment3>
    <risk_assessment4></risk_assessment4>
    <risk_assessment5></risk_assessment5>
    <risk_assessment6></risk_assessment6>
    <tb_screening1></tb_screening1>
    <tb_screening2></tb_screening2>
    <tb_screening3></tb_screening3>
    <tb_screening4></tb_screening4>
    <sti_screening1></sti_screening1>
    <sti_screening2></sti_screening2>
    <sti_screening3></sti_screening3>
    <sti_screening4></sti_screening4>
    <sti_screening5></sti_screening5>
    <hiv_test_result>Negative</hiv_test_result>
    <tested_hiv></tested_hiv>
    <post_test1></post_test1>
    <post_test2></post_test2>
    <post_test3></post_test3>
    <post_test4></post_test4>
    <post_test5></post_test5>
    <post_test6></post_test6>
    <post_test7></post_test7>
    <post_test8></post_test8>
    <post_test9></post_test9>
    <post_test10></post_test10>
    <post_test11></post_test11>
    <post_test12></post_test12>
    <post_test13></post_test13>
    <post_test14></post_test14>
    <syphilis_test_result></syphilis_test_result>
    <hepatitisb_test_result></hepatitisb_test_result>
    <hepatitisc_test_result></hepatitisc_test_result>
    <sti_referred></sti_referred>
    <tb_referred></tb_referred>
    <art_referred></art_referred>
    <partner_notification></partner_notification>
    <notification_counseling></notification_counseling>
    <number_partner>0</number_partner>
    <date_registration></date_registration>
    <date_started></date_started>
    <note></note>
    <longitude></longitude>
    <latitude></latitude>
    <time_stamp>2019-07-03 10:18:20.915</time_stamp>
    <user_id>1</user_id>
    <deviceconfig_id>1</deviceconfig_id>
    <uploaded></uploaded>
    <time_uploaded></time_uploaded>
    <uuid></uuid>
    <assessment_id></assessment_id>
  </hts>
  <hts>
    <hts_id>11</hts_id>
    <client_code>6663</client_code>
    <hospital_num></hospital_num>
    <state_id>9</state_id>
    <lga_id>170</lga_id>
    <facility_id>523</facility_id>
    <facility_name>ak Etinan General Hospital</facility_name>
    <date_visit>2019-06-30</date_visit>
    <referred_from></referred_from>
    <testing_setting></testing_setting>
    <surname>MACOS</surname>
    <other_names>LAPTOP</other_names>
    <date_birth>2019-06-30</date_birth>
    <age>1</age>
    <age_unit>month(s)</age_unit>
    <phone>636</phone>
    <address>lokoja</address>
    <gender>Male</gender>
    <first_time_visit>Yes</first_time_visit>
    <state>Cross River</state>
    <lga>Akamkpa</lga>
    <marital_status>Single</marital_status>
    <num_children>11</num_children>
    <num_wives>1</num_wives>
    <type_counseling>Individual</type_counseling>
    <index_client>Yes</index_client>
    <type_index>Biological</type_index>
    <index_client_code>1</index_client_code>
    <knowledge_assessment1></knowledge_assessment1>
    <knowledge_assessment2></knowledge_assessment2>
    <knowledge_assessment3></knowledge_assessment3>
    <knowledge_assessment4></knowledge_assessment4>
    <knowledge_assessment5></knowledge_assessment5>
    <knowledge_assessment6></knowledge_assessment6>
    <knowledge_assessment7></knowledge_assessment7>
    <risk_assessment1></risk_assessment1>
    <risk_assessment2></risk_assessment2>
    <risk_assessment3></risk_assessment3>
    <risk_assessment4></risk_assessment4>
    <risk_assessment5></risk_assessment5>
    <risk_assessment6></risk_assessment6>
    <tb_screening1></tb_screening1>
    <tb_screening2></tb_screening2>
    <tb_screening3></tb_screening3>
    <tb_screening4></tb_screening4>
    <sti_screening1></sti_screening1>
    <sti_screening2></sti_screening2>
    <sti_screening3></sti_screening3>
    <sti_screening4></sti_screening4>
    <sti_screening5></sti_screening5>
    <hiv_test_result></hiv_test_result>
    <tested_hiv></tested_hiv>
    <post_test1></post_test1>
    <post_test2></post_test2>
    <post_test3></post_test3>
    <post_test4></post_test4>
    <post_test5></post_test5>
    <post_test6></post_test6>
    <post_test7></post_test7>
    <post_test8></post_test8>
    <post_test9></post_test9>
    <post_test10></post_test10>
    <post_test11></post_test11>
    <post_test12></post_test12>
    <post_test13></post_test13>
    <post_test14></post_test14>
    <syphilis_test_result></syphilis_test_result>
    <hepatitisb_test_result></hepatitisb_test_result>
    <hepatitisc_test_result></hepatitisc_test_result>
    <sti_referred></sti_referred>
    <tb_referred></tb_referred>
    <art_referred></art_referred>
    <partner_notification></partner_notification>
    <notification_counseling></notification_counseling>
    <number_partner>0</number_partner>
    <date_registration></date_registration>
    <date_started></date_started>
    <note></note>
    <longitude></longitude>
    <latitude></latitude>
    <time_stamp>2019-07-03 10:18:20.956</time_stamp>
    <user_id>1</user_id>
    <deviceconfig_id>1</deviceconfig_id>
    <uploaded></uploaded>
    <time_uploaded></time_uploaded>
    <uuid></uuid>
    <assessment_id>74</assessment_id>
  </hts>
  <hts>
    <hts_id>8</hts_id>
    <client_code>122</client_code>
    <hospital_num></hospital_num>
    <state_id>13</state_id>
    <lga_id>245</lga_id>
    <facility_id>523</facility_id>
    <facility_name>ak Etinan General Hospital</facility_name>
    <date_visit>2019-06-30</date_visit>
    <referred_from></referred_from>
    <testing_setting></testing_setting>
    <surname>oysiv</surname>
    <other_names>oyisco</other_names>
    <date_birth>2019-06-30</date_birth>
    <age>1</age>
    <age_unit>month(s)</age_unit>
    <phone></phone>
    <address>qqjq</address>
    <gender>Male</gender>
    <first_time_visit>No</first_time_visit>
    <state>Ekiti</state>
    <lga>Ekiti East</lga>
    <marital_status></marital_status>
    <num_children>1</num_children>
    <num_wives>1</num_wives>
    <type_counseling>Individual</type_counseling>
    <index_client>Yes</index_client>
    <type_index>Biological</type_index>
    <index_client_code>1</index_client_code>
    <knowledge_assessment1></knowledge_assessment1>
    <knowledge_assessment2></knowledge_assessment2>
    <knowledge_assessment3></knowledge_assessment3>
    <knowledge_assessment4></knowledge_assessment4>
    <knowledge_assessment5></knowledge_assessment5>
    <knowledge_assessment6></knowledge_assessment6>
    <knowledge_assessment7></knowledge_assessment7>
    <risk_assessment1></risk_assessment1>
    <risk_assessment2></risk_assessment2>
    <risk_assessment3></risk_assessment3>
    <risk_assessment4></risk_assessment4>
    <risk_assessment5></risk_assessment5>
    <risk_assessment6></risk_assessment6>
    <tb_screening1></tb_screening1>
    <tb_screening2></tb_screening2>
    <tb_screening3></tb_screening3>
    <tb_screening4></tb_screening4>
    <sti_screening1></sti_screening1>
    <sti_screening2></sti_screening2>
    <sti_screening3></sti_screening3>
    <sti_screening4></sti_screening4>
    <sti_screening5></sti_screening5>
    <hiv_test_result></hiv_test_result>
    <tested_hiv></tested_hiv>
    <post_test1></post_test1>
    <post_test2></post_test2>
    <post_test3></post_test3>
    <post_test4></post_test4>
    <post_test5></post_test5>
    <post_test6></post_test6>
    <post_test7></post_test7>
    <post_test8></post_test8>
    <post_test9></post_test9>
    <post_test10></post_test10>
    <post_test11></post_test11>
    <post_test12></post_test12>
    <post_test13></post_test13>
    <post_test14></post_test14>
    <syphilis_test_result></syphilis_test_result>
    <hepatitisb_test_result></hepatitisb_test_result>
    <hepatitisc_test_result></hepatitisc_test_result>
    <sti_referred></sti_referred>
    <tb_referred></tb_referred>
    <art_referred></art_referred>
    <partner_notification></partner_notification>
    <notification_counseling></notification_counseling>
    <number_partner>0</number_partner>
    <date_registration></date_registration>
    <date_started></date_started>
    <note></note>
    <longitude></longitude>
    <latitude></latitude>
    <time_stamp>2019-07-03 10:18:20.976</time_stamp>
    <user_id>1</user_id>
    <deviceconfig_id>1</deviceconfig_id>
    <uploaded></uploaded>
    <time_uploaded></time_uploaded>
    <uuid></uuid>
    <assessment_id>69</assessment_id>
  </hts>
  <hts>
    <hts_id>13</hts_id>
    <client_code>63636</client_code>
    <hospital_num></hospital_num>
    <state_id>9</state_id>
    <lga_id>171</lga_id>
    <facility_id>523</facility_id>
    <facility_name>ak Etinan General Hospital</facility_name>
    <date_visit>2019-06-30</date_visit>
    <referred_from>TB</referred_from>
    <testing_setting>TB</testing_setting>
    <surname>OYIB</surname>
    <other_names>AKOR</other_names>
    <date_birth>2019-06-30</date_birth>
    <age>1</age>
    <age_unit>month(s)</age_unit>
    <phone>11</phone>
    <address>LOKOJA</address>
    <gender>Male</gender>
    <first_time_visit>No</first_time_visit>
    <state>Cross River</state>
    <lga>Akpabuyo</lga>
    <marital_status>Separated</marital_status>
    <num_children>1</num_children>
    <num_wives>1</num_wives>
    <type_counseling>Individual</type_counseling>
    <index_client>Yes</index_client>
    <type_index>Social</type_index>
    <index_client_code>3663633</index_client_code>
    <knowledge_assessment1>0</knowledge_assessment1>
    <knowledge_assessment2>1</knowledge_assessment2>
    <knowledge_assessment3>1</knowledge_assessment3>
    <knowledge_assessment4>1</knowledge_assessment4>
    <knowledge_assessment5>0</knowledge_assessment5>
    <knowledge_assessment6>1</knowledge_assessment6>
    <knowledge_assessment7>0</knowledge_assessment7>
    <risk_assessment1>1</risk_assessment1>
    <risk_assessment2>0</risk_assessment2>
    <risk_assessment3>1</risk_assessment3>
    <risk_assessment4>1</risk_assessment4>
    <risk_assessment5>1</risk_assessment5>
    <risk_assessment6>1</risk_assessment6>
    <tb_screening1>1</tb_screening1>
    <tb_screening2>1</tb_screening2>
    <tb_screening3>1</tb_screening3>
    <tb_screening4>1</tb_screening4>
    <sti_screening1>1</sti_screening1>
    <sti_screening2>1</sti_screening2>
    <sti_screening3>1</sti_screening3>
    <sti_screening4>0</sti_screening4>
    <sti_screening5>1</sti_screening5>
    <hiv_test_result>Negative</hiv_test_result>
    <tested_hiv>Previously Tested Negative</tested_hiv>
    <post_test1>1</post_test1>
    <post_test2>1</post_test2>
    <post_test3>1</post_test3>
    <post_test4>1</post_test4>
    <post_test5>1</post_test5>
    <post_test6>1</post_test6>
    <post_test7>1</post_test7>
    <post_test8>0</post_test8>
    <post_test9>1</post_test9>
    <post_test10>1</post_test10>
    <post_test11>1</post_test11>
    <post_test12>1</post_test12>
    <post_test13>1</post_test13>
    <post_test14>1</post_test14>
    <syphilis_test_result>Non-Reactive</syphilis_test_result>
    <hepatitisb_test_result>Negative</hepatitisb_test_result>
    <hepatitisc_test_result>Negative</hepatitisc_test_result>
    <sti_referred></sti_referred>
    <tb_referred></tb_referred>
    <art_referred></art_referred>
    <partner_notification></partner_notification>
    <notification_counseling></notification_counseling>
    <number_partner>0</number_partner>
    <date_registration></date_registration>
    <date_started></date_started>
    <note></note>
    <longitude></longitude>
    <latitude></latitude>
    <time_stamp>2019-07-03 10:18:20.994</time_stamp>
    <user_id>1</user_id>
    <deviceconfig_id>1</deviceconfig_id>
    <uploaded></uploaded>
    <time_uploaded></time_uploaded>
    <uuid></uuid>
    <assessment_id>78</assessment_id>
  </hts>
  <hts>
    <hts_id>14</hts_id>
    <client_code>2662</client_code>
    <hospital_num></hospital_num>
    <state_id>14</state_id>
    <lga_id>260</lga_id>
    <facility_id>523</facility_id>
    <facility_name></facility_name>
    <date_visit>2019-06-29</date_visit>
    <referred_from></referred_from>
    <testing_setting></testing_setting>
    <surname>AGA</surname>
    <other_names>Ooaoo</other_names>
    <date_birth></date_birth>
    <age>1</age>
    <age_unit>month(s)</age_unit>
    <phone>1991</phone>
    <address>hhwhw</address>
    <gender>Male</gender>
    <first_time_visit>Yes</first_time_visit>
    <state></state>
    <lga></lga>
    <marital_status>Single</marital_status>
    <num_children>1</num_children>
    <num_wives>1</num_wives>
    <type_counseling>Individual</type_counseling>
    <index_client>Yes</index_client>
    <type_index>Biological</type_index>
    <index_client_code>26726</index_client_code>
    <knowledge_assessment1></knowledge_assessment1>
    <knowledge_assessment2></knowledge_assessment2>
    <knowledge_assessment3></knowledge_assessment3>
    <knowledge_assessment4></knowledge_assessment4>
    <knowledge_assessment5></knowledge_assessment5>
    <knowledge_assessment6></knowledge_assessment6>
    <knowledge_assessment7></knowledge_assessment7>
    <risk_assessment1></risk_assessment1>
    <risk_assessment2></risk_assessment2>
    <risk_assessment3></risk_assessment3>
    <risk_assessment4></risk_assessment4>
    <risk_assessment5></risk_assessment5>
    <risk_assessment6></risk_assessment6>
    <tb_screening1></tb_screening1>
    <tb_screening2></tb_screening2>
    <tb_screening3></tb_screening3>
    <tb_screening4></tb_screening4>
    <sti_screening1></sti_screening1>
    <sti_screening2></sti_screening2>
    <sti_screening3></sti_screening3>
    <sti_screening4></sti_screening4>
    <sti_screening5></sti_screening5>
    <hiv_test_result></hiv_test_result>
    <tested_hiv></tested_hiv>
    <post_test1></post_test1>
    <post_test2></post_test2>
    <post_test3></post_test3>
    <post_test4></post_test4>
    <post_test5></post_test5>
    <post_test6></post_test6>
    <post_test7></post_test7>
    <post_test8></post_test8>
    <post_test9></post_test9>
    <post_test10></post_test10>
    <post_test11></post_test11>
    <post_test12></post_test12>
    <post_test13></post_test13>
    <post_test14></post_test14>
    <syphilis_test_result></syphilis_test_result>
    <hepatitisb_test_result></hepatitisb_test_result>
    <hepatitisc_test_result></hepatitisc_test_result>
    <sti_referred></sti_referred>
    <tb_referred></tb_referred>
    <art_referred></art_referred>
    <partner_notification></partner_notification>
    <notification_counseling></notification_counseling>
    <number_partner>0</number_partner>
    <date_registration></date_registration>
    <date_started></date_started>
    <note></note>
    <longitude></longitude>
    <latitude></latitude>
    <time_stamp>2019-07-03 10:18:21.036</time_stamp>
    <user_id>1</user_id>
    <deviceconfig_id>2</deviceconfig_id>
    <uploaded></uploaded>
    <time_uploaded></time_uploaded>
    <uuid></uuid>
    <assessment_id></assessment_id>
  </hts>
  <hts>
    <hts_id>15</hts_id>
    <client_code>12122</client_code>
    <hospital_num></hospital_num>
    <state_id>3</state_id>
    <lga_id>41</lga_id>
    <facility_id>523</facility_id>
    <facility_name></facility_name>
    <date_visit>2019-06-29</date_visit>
    <referred_from></referred_from>
    <testing_setting></testing_setting>
    <surname>OYS</surname>
    <other_names>1ua</other_names>
    <date_birth></date_birth>
    <age>1</age>
    <age_unit>month(s)</age_unit>
    <phone></phone>
    <address>iqi</address>
    <gender>Male</gender>
    <first_time_visit>Yes</first_time_visit>
    <state></state>
    <lga></lga>
    <marital_status>Single</marital_status>
    <num_children>1</num_children>
    <num_wives>1</num_wives>
    <type_counseling>Individual</type_counseling>
    <index_client>Yes</index_client>
    <type_index>Biological</type_index>
    <index_client_code>77</index_client_code>
    <knowledge_assessment1></knowledge_assessment1>
    <knowledge_assessment2></knowledge_assessment2>
    <knowledge_assessment3></knowledge_assessment3>
    <knowledge_assessment4></knowledge_assessment4>
    <knowledge_assessment5></knowledge_assessment5>
    <knowledge_assessment6></knowledge_assessment6>
    <knowledge_assessment7></knowledge_assessment7>
    <risk_assessment1></risk_assessment1>
    <risk_assessment2></risk_assessment2>
    <risk_assessment3></risk_assessment3>
    <risk_assessment4></risk_assessment4>
    <risk_assessment5></risk_assessment5>
    <risk_assessment6></risk_assessment6>
    <tb_screening1></tb_screening1>
    <tb_screening2></tb_screening2>
    <tb_screening3></tb_screening3>
    <tb_screening4></tb_screening4>
    <sti_screening1></sti_screening1>
    <sti_screening2></sti_screening2>
    <sti_screening3></sti_screening3>
    <sti_screening4></sti_screening4>
    <sti_screening5></sti_screening5>
    <hiv_test_result></hiv_test_result>
    <tested_hiv></tested_hiv>
    <post_test1></post_test1>
    <post_test2></post_test2>
    <post_test3></post_test3>
    <post_test4></post_test4>
    <post_test5></post_test5>
    <post_test6></post_test6>
    <post_test7></post_test7>
    <post_test8></post_test8>
    <post_test9></post_test9>
    <post_test10></post_test10>
    <post_test11></post_test11>
    <post_test12></post_test12>
    <post_test13></post_test13>
    <post_test14></post_test14>
    <syphilis_test_result></syphilis_test_result>
    <hepatitisb_test_result></hepatitisb_test_result>
    <hepatitisc_test_result></hepatitisc_test_result>
    <sti_referred></sti_referred>
    <tb_referred></tb_referred>
    <art_referred></art_referred>
    <partner_notification></partner_notification>
    <notification_counseling></notification_counseling>
    <number_partner>0</number_partner>
    <date_registration></date_registration>
    <date_started></date_started>
    <note></note>
    <longitude></longitude>
    <latitude></latitude>
    <time_stamp>2019-07-03 10:18:21.056</time_stamp>
    <user_id>1</user_id>
    <deviceconfig_id>2</deviceconfig_id>
    <uploaded></uploaded>
    <time_uploaded></time_uploaded>
    <uuid></uuid>
    <assessment_id></assessment_id>
  </hts>
  <hts>
    <hts_id>16</hts_id>
    <client_code>2552</client_code>
    <hospital_num></hospital_num>
    <state_id>9</state_id>
    <lga_id>173</lga_id>
    <facility_id>523</facility_id>
    <facility_name>ak Etinan General Hospital</facility_name>
    <date_visit>2019-06-30</date_visit>
    <referred_from></referred_from>
    <testing_setting></testing_setting>
    <surname>osy</surname>
    <other_names>oyisco</other_names>
    <date_birth>2019-06-30</date_birth>
    <age>1</age>
    <age_unit>month(s)</age_unit>
    <phone>222</phone>
    <address>loka</address>
    <gender>Female</gender>
    <first_time_visit>Yes</first_time_visit>
    <state></state>
    <lga>Bekwarra</lga>
    <marital_status>Married</marital_status>
    <num_children>2</num_children>
    <num_wives>1</num_wives>
    <type_counseling>Individual</type_counseling>
    <index_client>Yes</index_client>
    <type_index>Biological</type_index>
    <index_client_code>122</index_client_code>
    <knowledge_assessment1></knowledge_assessment1>
    <knowledge_assessment2></knowledge_assessment2>
    <knowledge_assessment3></knowledge_assessment3>
    <knowledge_assessment4></knowledge_assessment4>
    <knowledge_assessment5></knowledge_assessment5>
    <knowledge_assessment6></knowledge_assessment6>
    <knowledge_assessment7></knowledge_assessment7>
    <risk_assessment1></risk_assessment1>
    <risk_assessment2></risk_assessment2>
    <risk_assessment3></risk_assessment3>
    <risk_assessment4></risk_assessment4>
    <risk_assessment5></risk_assessment5>
    <risk_assessment6></risk_assessment6>
    <tb_screening1></tb_screening1>
    <tb_screening2></tb_screening2>
    <tb_screening3></tb_screening3>
    <tb_screening4></tb_screening4>
    <sti_screening1></sti_screening1>
    <sti_screening2></sti_screening2>
    <sti_screening3></sti_screening3>
    <sti_screening4></sti_screening4>
    <sti_screening5></sti_screening5>
    <hiv_test_result></hiv_test_result>
    <tested_hiv></tested_hiv>
    <post_test1></post_test1>
    <post_test2></post_test2>
    <post_test3></post_test3>
    <post_test4></post_test4>
    <post_test5></post_test5>
    <post_test6></post_test6>
    <post_test7></post_test7>
    <post_test8></post_test8>
    <post_test9></post_test9>
    <post_test10></post_test10>
    <post_test11></post_test11>
    <post_test12></post_test12>
    <post_test13></post_test13>
    <post_test14></post_test14>
    <syphilis_test_result></syphilis_test_result>
    <hepatitisb_test_result></hepatitisb_test_result>
    <hepatitisc_test_result></hepatitisc_test_result>
    <sti_referred></sti_referred>
    <tb_referred></tb_referred>
    <art_referred></art_referred>
    <partner_notification></partner_notification>
    <notification_counseling></notification_counseling>
    <number_partner>0</number_partner>
    <date_registration></date_registration>
    <date_started></date_started>
    <note></note>
    <longitude></longitude>
    <latitude></latitude>
    <time_stamp>2019-07-03 10:18:21.076</time_stamp>
    <user_id>1</user_id>
    <deviceconfig_id>1</deviceconfig_id>
    <uploaded></uploaded>
    <time_uploaded></time_uploaded>
    <uuid></uuid>
    <assessment_id></assessment_id>
  </hts>
  <hts>
    <hts_id>17</hts_id>
    <client_code>237721</client_code>
    <hospital_num></hospital_num>
    <state_id>9</state_id>
    <lga_id>171</lga_id>
    <facility_id>523</facility_id>
    <facility_name>ak Etinan General Hospital</facility_name>
    <date_visit>2019-06-30</date_visit>
    <referred_from></referred_from>
    <testing_setting></testing_setting>
    <surname>jost</surname>
    <other_names>oyisco</other_names>
    <date_birth>2019-06-30</date_birth>
    <age>1</age>
    <age_unit>month(s)</age_unit>
    <phone>2662</phone>
    <address>lokaooa</address>
    <gender>Male</gender>
    <first_time_visit>Yes</first_time_visit>
    <state></state>
    <lga>Akpabuyo</lga>
    <marital_status>Single</marital_status>
    <num_children>1</num_children>
    <num_wives>1</num_wives>
    <type_counseling>Couple</type_counseling>
    <index_client>Yes</index_client>
    <type_index>Biological</type_index>
    <index_client_code>262</index_client_code>
    <knowledge_assessment1></knowledge_assessment1>
    <knowledge_assessment2></knowledge_assessment2>
    <knowledge_assessment3></knowledge_assessment3>
    <knowledge_assessment4></knowledge_assessment4>
    <knowledge_assessment5></knowledge_assessment5>
    <knowledge_assessment6></knowledge_assessment6>
    <knowledge_assessment7></knowledge_assessment7>
    <risk_assessment1></risk_assessment1>
    <risk_assessment2></risk_assessment2>
    <risk_assessment3></risk_assessment3>
    <risk_assessment4></risk_assessment4>
    <risk_assessment5></risk_assessment5>
    <risk_assessment6></risk_assessment6>
    <tb_screening1></tb_screening1>
    <tb_screening2></tb_screening2>
    <tb_screening3></tb_screening3>
    <tb_screening4></tb_screening4>
    <sti_screening1></sti_screening1>
    <sti_screening2></sti_screening2>
    <sti_screening3></sti_screening3>
    <sti_screening4></sti_screening4>
    <sti_screening5></sti_screening5>
    <hiv_test_result></hiv_test_result>
    <tested_hiv></tested_hiv>
    <post_test1></post_test1>
    <post_test2></post_test2>
    <post_test3></post_test3>
    <post_test4></post_test4>
    <post_test5></post_test5>
    <post_test6></post_test6>
    <post_test7></post_test7>
    <post_test8></post_test8>
    <post_test9></post_test9>
    <post_test10></post_test10>
    <post_test11></post_test11>
    <post_test12></post_test12>
    <post_test13></post_test13>
    <post_test14></post_test14>
    <syphilis_test_result></syphilis_test_result>
    <hepatitisb_test_result></hepatitisb_test_result>
    <hepatitisc_test_result></hepatitisc_test_result>
    <sti_referred></sti_referred>
    <tb_referred></tb_referred>
    <art_referred></art_referred>
    <partner_notification></partner_notification>
    <notification_counseling></notification_counseling>
    <number_partner>0</number_partner>
    <date_registration></date_registration>
    <date_started></date_started>
    <note></note>
    <longitude></longitude>
    <latitude></latitude>
    <time_stamp>2019-07-03 10:18:21.096</time_stamp>
    <user_id>1</user_id>
    <deviceconfig_id>1</deviceconfig_id>
    <uploaded></uploaded>
    <time_uploaded></time_uploaded>
    <uuid></uuid>
    <assessment_id></assessment_id>
  </hts>
  <hts>
    <hts_id>18</hts_id>
    <client_code>4456777</client_code>
    <hospital_num></hospital_num>
    <state_id>9</state_id>
    <lga_id>170</lga_id>
    <facility_id>523</facility_id>
    <facility_name>ak Etinan General Hospital</facility_name>
    <date_visit>2019-05-25</date_visit>
    <referred_from></referred_from>
    <testing_setting></testing_setting>
    <surname>ALI</surname>
    <other_names></other_names>
    <date_birth>2019-06-30</date_birth>
    <age>1</age>
    <age_unit>month(s)</age_unit>
    <phone>348484</phone>
    <address>loa</address>
    <gender>Male</gender>
    <first_time_visit>Yes</first_time_visit>
    <state></state>
    <lga>Akamkpa</lga>
    <marital_status>Married</marital_status>
    <num_children>1</num_children>
    <num_wives>1</num_wives>
    <type_counseling>Individual</type_counseling>
    <index_client>Yes</index_client>
    <type_index>Biological</type_index>
    <index_client_code>262</index_client_code>
    <knowledge_assessment1></knowledge_assessment1>
    <knowledge_assessment2></knowledge_assessment2>
    <knowledge_assessment3></knowledge_assessment3>
    <knowledge_assessment4></knowledge_assessment4>
    <knowledge_assessment5></knowledge_assessment5>
    <knowledge_assessment6></knowledge_assessment6>
    <knowledge_assessment7></knowledge_assessment7>
    <risk_assessment1></risk_assessment1>
    <risk_assessment2></risk_assessment2>
    <risk_assessment3></risk_assessment3>
    <risk_assessment4></risk_assessment4>
    <risk_assessment5></risk_assessment5>
    <risk_assessment6></risk_assessment6>
    <tb_screening1></tb_screening1>
    <tb_screening2></tb_screening2>
    <tb_screening3></tb_screening3>
    <tb_screening4></tb_screening4>
    <sti_screening1></sti_screening1>
    <sti_screening2></sti_screening2>
    <sti_screening3></sti_screening3>
    <sti_screening4></sti_screening4>
    <sti_screening5></sti_screening5>
    <hiv_test_result>Negative</hiv_test_result>
    <tested_hiv></tested_hiv>
    <post_test1></post_test1>
    <post_test2></post_test2>
    <post_test3></post_test3>
    <post_test4></post_test4>
    <post_test5></post_test5>
    <post_test6></post_test6>
    <post_test7></post_test7>
    <post_test8></post_test8>
    <post_test9></post_test9>
    <post_test10></post_test10>
    <post_test11></post_test11>
    <post_test12></post_test12>
    <post_test13></post_test13>
    <post_test14></post_test14>
    <syphilis_test_result></syphilis_test_result>
    <hepatitisb_test_result></hepatitisb_test_result>
    <hepatitisc_test_result></hepatitisc_test_result>
    <sti_referred></sti_referred>
    <tb_referred></tb_referred>
    <art_referred></art_referred>
    <partner_notification></partner_notification>
    <notification_counseling></notification_counseling>
    <number_partner>0</number_partner>
    <date_registration></date_registration>
    <date_started></date_started>
    <note></note>
    <longitude></longitude>
    <latitude></latitude>
    <time_stamp>2019-07-03 10:18:21.096</time_stamp>
    <user_id>1</user_id>
    <deviceconfig_id>1</deviceconfig_id>
    <uploaded></uploaded>
    <time_uploaded></time_uploaded>
    <uuid></uuid>
    <assessment_id></assessment_id>
  </hts>
  <hts>
    <hts_id>19</hts_id>
    <client_code>6663</client_code>
    <hospital_num></hospital_num>
    <state_id>9</state_id>
    <lga_id>170</lga_id>
    <facility_id>523</facility_id>
    <facility_name>ak Etinan General Hospital</facility_name>
    <date_visit>2019-06-30</date_visit>
    <referred_from></referred_from>
    <testing_setting></testing_setting>
    <surname>MACOS</surname>
    <other_names>LAPTOP</other_names>
    <date_birth>2019-06-30</date_birth>
    <age>1</age>
    <age_unit>month(s)</age_unit>
    <phone>636</phone>
    <address>lokoja</address>
    <gender>Male</gender>
    <first_time_visit>Yes</first_time_visit>
    <state></state>
    <lga>Akamkpa</lga>
    <marital_status>Single</marital_status>
    <num_children>11</num_children>
    <num_wives>1</num_wives>
    <type_counseling>Individual</type_counseling>
    <index_client>Yes</index_client>
    <type_index>Biological</type_index>
    <index_client_code>1</index_client_code>
    <knowledge_assessment1></knowledge_assessment1>
    <knowledge_assessment2></knowledge_assessment2>
    <knowledge_assessment3></knowledge_assessment3>
    <knowledge_assessment4></knowledge_assessment4>
    <knowledge_assessment5></knowledge_assessment5>
    <knowledge_assessment6></knowledge_assessment6>
    <knowledge_assessment7></knowledge_assessment7>
    <risk_assessment1></risk_assessment1>
    <risk_assessment2></risk_assessment2>
    <risk_assessment3></risk_assessment3>
    <risk_assessment4></risk_assessment4>
    <risk_assessment5></risk_assessment5>
    <risk_assessment6></risk_assessment6>
    <tb_screening1></tb_screening1>
    <tb_screening2></tb_screening2>
    <tb_screening3></tb_screening3>
    <tb_screening4></tb_screening4>
    <sti_screening1></sti_screening1>
    <sti_screening2></sti_screening2>
    <sti_screening3></sti_screening3>
    <sti_screening4></sti_screening4>
    <sti_screening5></sti_screening5>
    <hiv_test_result></hiv_test_result>
    <tested_hiv></tested_hiv>
    <post_test1></post_test1>
    <post_test2></post_test2>
    <post_test3></post_test3>
    <post_test4></post_test4>
    <post_test5></post_test5>
    <post_test6></post_test6>
    <post_test7></post_test7>
    <post_test8></post_test8>
    <post_test9></post_test9>
    <post_test10></post_test10>
    <post_test11></post_test11>
    <post_test12></post_test12>
    <post_test13></post_test13>
    <post_test14></post_test14>
    <syphilis_test_result></syphilis_test_result>
    <hepatitisb_test_result></hepatitisb_test_result>
    <hepatitisc_test_result></hepatitisc_test_result>
    <sti_referred></sti_referred>
    <tb_referred></tb_referred>
    <art_referred></art_referred>
    <partner_notification></partner_notification>
    <notification_counseling></notification_counseling>
    <number_partner>0</number_partner>
    <date_registration></date_registration>
    <date_started></date_started>
    <note></note>
    <longitude></longitude>
    <latitude></latitude>
    <time_stamp>2019-07-03 10:18:21.14</time_stamp>
    <user_id>1</user_id>
    <deviceconfig_id>1</deviceconfig_id>
    <uploaded></uploaded>
    <time_uploaded></time_uploaded>
    <uuid></uuid>
    <assessment_id></assessment_id>
  </hts>
  <hts>
    <hts_id>20</hts_id>
    <client_code>122</client_code>
    <hospital_num></hospital_num>
    <state_id>13</state_id>
    <lga_id>245</lga_id>
    <facility_id>523</facility_id>
    <facility_name>ak Etinan General Hospital</facility_name>
    <date_visit>2019-06-30</date_visit>
    <referred_from></referred_from>
    <testing_setting></testing_setting>
    <surname>oysiv</surname>
    <other_names>oyisco</other_names>
    <date_birth>2019-06-30</date_birth>
    <age>1</age>
    <age_unit>month(s)</age_unit>
    <phone></phone>
    <address>qqjq</address>
    <gender>Male</gender>
    <first_time_visit>No</first_time_visit>
    <state></state>
    <lga>Ekiti East</lga>
    <marital_status></marital_status>
    <num_children>1</num_children>
    <num_wives>1</num_wives>
    <type_counseling>Individual</type_counseling>
    <index_client>Yes</index_client>
    <type_index>Biological</type_index>
    <index_client_code>1</index_client_code>
    <knowledge_assessment1></knowledge_assessment1>
    <knowledge_assessment2></knowledge_assessment2>
    <knowledge_assessment3></knowledge_assessment3>
    <knowledge_assessment4></knowledge_assessment4>
    <knowledge_assessment5></knowledge_assessment5>
    <knowledge_assessment6></knowledge_assessment6>
    <knowledge_assessment7></knowledge_assessment7>
    <risk_assessment1></risk_assessment1>
    <risk_assessment2></risk_assessment2>
    <risk_assessment3></risk_assessment3>
    <risk_assessment4></risk_assessment4>
    <risk_assessment5></risk_assessment5>
    <risk_assessment6></risk_assessment6>
    <tb_screening1></tb_screening1>
    <tb_screening2></tb_screening2>
    <tb_screening3></tb_screening3>
    <tb_screening4></tb_screening4>
    <sti_screening1></sti_screening1>
    <sti_screening2></sti_screening2>
    <sti_screening3></sti_screening3>
    <sti_screening4></sti_screening4>
    <sti_screening5></sti_screening5>
    <hiv_test_result></hiv_test_result>
    <tested_hiv></tested_hiv>
    <post_test1></post_test1>
    <post_test2></post_test2>
    <post_test3></post_test3>
    <post_test4></post_test4>
    <post_test5></post_test5>
    <post_test6></post_test6>
    <post_test7></post_test7>
    <post_test8></post_test8>
    <post_test9></post_test9>
    <post_test10></post_test10>
    <post_test11></post_test11>
    <post_test12></post_test12>
    <post_test13></post_test13>
    <post_test14></post_test14>
    <syphilis_test_result></syphilis_test_result>
    <hepatitisb_test_result></hepatitisb_test_result>
    <hepatitisc_test_result></hepatitisc_test_result>
    <sti_referred></sti_referred>
    <tb_referred></tb_referred>
    <art_referred></art_referred>
    <partner_notification></partner_notification>
    <notification_counseling></notification_counseling>
    <number_partner>0</number_partner>
    <date_registration></date_registration>
    <date_started></date_started>
    <note></note>
    <longitude></longitude>
    <latitude></latitude>
    <time_stamp>2019-07-03 10:18:21.14</time_stamp>
    <user_id>1</user_id>
    <deviceconfig_id>1</deviceconfig_id>
    <uploaded></uploaded>
    <time_uploaded></time_uploaded>
    <uuid></uuid>
    <assessment_id></assessment_id>
  </hts>
  <hts>
    <hts_id>21</hts_id>
    <client_code>63636</client_code>
    <hospital_num></hospital_num>
    <state_id>9</state_id>
    <lga_id>171</lga_id>
    <facility_id>523</facility_id>
    <facility_name>ak Etinan General Hospital</facility_name>
    <date_visit>2019-06-30</date_visit>
    <referred_from>TB</referred_from>
    <testing_setting>TB</testing_setting>
    <surname>OYIB</surname>
    <other_names>AKOR</other_names>
    <date_birth>2019-06-30</date_birth>
    <age>1</age>
    <age_unit>month(s)</age_unit>
    <phone>11</phone>
    <address>LOKOJA</address>
    <gender>Male</gender>
    <first_time_visit>No</first_time_visit>
    <state></state>
    <lga>Akpabuyo</lga>
    <marital_status>Separated</marital_status>
    <num_children>1</num_children>
    <num_wives>1</num_wives>
    <type_counseling>Individual</type_counseling>
    <index_client>Yes</index_client>
    <type_index>Social</type_index>
    <index_client_code>3663633</index_client_code>
    <knowledge_assessment1>0</knowledge_assessment1>
    <knowledge_assessment2>1</knowledge_assessment2>
    <knowledge_assessment3>1</knowledge_assessment3>
    <knowledge_assessment4>1</knowledge_assessment4>
    <knowledge_assessment5>0</knowledge_assessment5>
    <knowledge_assessment6>1</knowledge_assessment6>
    <knowledge_assessment7>0</knowledge_assessment7>
    <risk_assessment1>1</risk_assessment1>
    <risk_assessment2>0</risk_assessment2>
    <risk_assessment3>1</risk_assessment3>
    <risk_assessment4>1</risk_assessment4>
    <risk_assessment5>1</risk_assessment5>
    <risk_assessment6>1</risk_assessment6>
    <tb_screening1>1</tb_screening1>
    <tb_screening2>1</tb_screening2>
    <tb_screening3>1</tb_screening3>
    <tb_screening4>1</tb_screening4>
    <sti_screening1>1</sti_screening1>
    <sti_screening2>1</sti_screening2>
    <sti_screening3>1</sti_screening3>
    <sti_screening4>0</sti_screening4>
    <sti_screening5>1</sti_screening5>
    <hiv_test_result>Negative</hiv_test_result>
    <tested_hiv>Previously Tested Negative</tested_hiv>
    <post_test1>1</post_test1>
    <post_test2>1</post_test2>
    <post_test3>1</post_test3>
    <post_test4>1</post_test4>
    <post_test5>1</post_test5>
    <post_test6>1</post_test6>
    <post_test7>1</post_test7>
    <post_test8>0</post_test8>
    <post_test9>1</post_test9>
    <post_test10>1</post_test10>
    <post_test11>1</post_test11>
    <post_test12>1</post_test12>
    <post_test13>1</post_test13>
    <post_test14>1</post_test14>
    <syphilis_test_result>Non-Reactive</syphilis_test_result>
    <hepatitisb_test_result></hepatitisb_test_result>
    <hepatitisc_test_result>Negative</hepatitisc_test_result>
    <sti_referred></sti_referred>
    <tb_referred></tb_referred>
    <art_referred></art_referred>
    <partner_notification></partner_notification>
    <notification_counseling></notification_counseling>
    <number_partner>0</number_partner>
    <date_registration></date_registration>
    <date_started></date_started>
    <note></note>
    <longitude></longitude>
    <latitude></latitude>
    <time_stamp>2019-07-03 10:18:21.171</time_stamp>
    <user_id>1</user_id>
    <deviceconfig_id>1</deviceconfig_id>
    <uploaded></uploaded>
    <time_uploaded></time_uploaded>
    <uuid></uuid>
    <assessment_id></assessment_id>
  </hts>
</htss>
