<?xml version="1.0" encoding="UTF-8"?>

<indexcontacts>
  <indexcontact>
    <indexcontact_id>3</indexcontact_id>
    <hts_id>4</hts_id>
    <client_code>63636</client_code>
    <facility_id>523</facility_id>
    <contact_type>Secondary Contacts</contact_type>
    <surname>ALEX</surname>
    <other_names>Ht</other_names>
    <age>5</age>
    <gender>Male</gender>
    <phone>377373</phone>
    <address>SGSG</address>
    <relationship>Live-in Partners</relationship>
    <gbv>Yes</gbv>
    <duration_partner>7</duration_partner>
    <phone_tracking>2nd</phone_tracking>
    <home_tracking>1st</home_tracking>
    <outcome>Declines HTS</outcome>
    <date_hiv_test>2019-06-28</date_hiv_test>
    <hiv_status>Negative</hiv_status>
    <link_care>Yes</link_care>
    <partner_notification>Yes</partner_notification>
    <mode_notification>Contracted</mode_notification>
    <service_provided>SERVE</service_provided>
    <time_stamp>2019-07-03 10:18:21.203</time_stamp>
    <user_id>1</user_id>
    <deviceconfig_id>1</deviceconfig_id>
    <uploaded></uploaded>
    <time_uploaded></time_uploaded>
    <uuid></uuid>
    <home_trackng>1st</home_trackng>
    <index_contact_code></index_contact_code>
  </indexcontact>
  <indexcontact>
    <indexcontact_id>5</indexcontact_id>
    <hts_id>4</hts_id>
    <client_code>63636</client_code>
    <facility_id>523</facility_id>
    <contact_type>Secondary Contacts</contact_type>
    <surname>444</surname>
    <other_names>Hh</other_names>
    <age>26</age>
    <gender>Male</gender>
    <phone>3636</phone>
    <address>loo</address>
    <relationship>Live-in Partners</relationship>
    <gbv>Yes</gbv>
    <duration_partner>7</duration_partner>
    <phone_tracking>2nd</phone_tracking>
    <home_tracking>1st</home_tracking>
    <outcome>Accept HTS</outcome>
    <date_hiv_test>2019-06-28</date_hiv_test>
    <hiv_status>Positive</hiv_status>
    <link_care>Yes</link_care>
    <partner_notification>Yes</partner_notification>
    <mode_notification>Contracted</mode_notification>
    <service_provided>sewrev</service_provided>
    <time_stamp>2019-07-03 10:18:21.256</time_stamp>
    <user_id>1</user_id>
    <deviceconfig_id>1</deviceconfig_id>
    <uploaded></uploaded>
    <time_uploaded></time_uploaded>
    <uuid></uuid>
    <home_trackng></home_trackng>
    <index_contact_code></index_contact_code>
  </indexcontact>
  <indexcontact>
    <indexcontact_id>4</indexcontact_id>
    <hts_id>4</hts_id>
    <client_code>63636</client_code>
    <facility_id>523</facility_id>
    <contact_type>Secondary Contacts</contact_type>
    <surname>TWT</surname>
    <other_names>Ssg</other_names>
    <age>4</age>
    <gender>Female</gender>
    <phone>53535</phone>
    <address>sksk</address>
    <relationship>Live-in Partners</relationship>
    <gbv>Yes</gbv>
    <duration_partner>7</duration_partner>
    <phone_tracking>2nd</phone_tracking>
    <home_tracking>1st</home_tracking>
    <outcome>Accept HTS</outcome>
    <date_hiv_test>2019-06-28</date_hiv_test>
    <hiv_status>Positive</hiv_status>
    <link_care>Yes</link_care>
    <partner_notification>Yes</partner_notification>
    <mode_notification>Contracted</mode_notification>
    <service_provided>tstw</service_provided>
    <time_stamp>2019-07-03 10:18:21.272</time_stamp>
    <user_id>1</user_id>
    <deviceconfig_id>1</deviceconfig_id>
    <uploaded></uploaded>
    <time_uploaded></time_uploaded>
    <uuid></uuid>
    <home_trackng>1st</home_trackng>
    <index_contact_code></index_contact_code>
  </indexcontact>
</indexcontacts>
