<?xml version="1.0" encoding="UTF-8"?>

<monitors>
  <monitor>
    <monitor_id>1</monitor_id>
    <facility_id>523</facility_id>
    <entity_id>CT.3513/087107</entity_id>
    <table_name>patient</table_name>
    <operation_id>2</operation_id>
    <user_id>1</user_id>
    <time_stamp>2019-04-12 06:47:13.216</time_stamp>
    <uploaded></uploaded>
    <time_uploaded></time_uploaded>
    <device_type></device_type>
    <uuid>29b3e878-0e92-4907-a1a0-56c7648f512d</uuid>
  </monitor>
  <monitor>
    <monitor_id>2</monitor_id>
    <facility_id>523</facility_id>
    <entity_id>CT.2571/082116#04/12/2019</entity_id>
    <table_name>pharmacy</table_name>
    <operation_id>1</operation_id>
    <user_id>1</user_id>
    <time_stamp>2019-04-12 07:04:38.973</time_stamp>
    <uploaded></uploaded>
    <time_uploaded></time_uploaded>
    <device_type></device_type>
    <uuid>6cd75f5d-67ac-4a8b-9b84-319298c05b16</uuid>
  </monitor>
  <monitor>
    <monitor_id>3</monitor_id>
    <facility_id>523</facility_id>
    <entity_id>TI.5568/100476#02/25/2019</entity_id>
    <table_name>laboratory</table_name>
    <operation_id>1</operation_id>
    <user_id>1</user_id>
    <time_stamp>2019-04-12 07:13:45.397</time_stamp>
    <uploaded></uploaded>
    <time_uploaded></time_uploaded>
    <device_type></device_type>
    <uuid>75c76935-1d07-4a87-928d-e00fc3ecf1fe</uuid>
  </monitor>
  <monitor>
    <monitor_id>4</monitor_id>
    <facility_id>523</facility_id>
    <entity_id>CT.5823/103228#ART Transfer Out#02/13/2019</entity_id>
    <table_name>statushistory</table_name>
    <operation_id>1</operation_id>
    <user_id>1</user_id>
    <time_stamp>2019-04-12 08:47:47.731</time_stamp>
    <uploaded></uploaded>
    <time_uploaded></time_uploaded>
    <device_type></device_type>
    <uuid>686096cc-4588-4180-b03a-10f0ec2b1f2d</uuid>
  </monitor>
  <monitor>
    <monitor_id>36</monitor_id>
    <facility_id>523</facility_id>
    <entity_id>0000038</entity_id>
    <table_name>patient</table_name>
    <operation_id>1</operation_id>
    <user_id>1</user_id>
    <time_stamp>2019-05-25 17:53:08.842</time_stamp>
    <uploaded></uploaded>
    <time_uploaded></time_uploaded>
    <device_type></device_type>
    <uuid></uuid>
  </monitor>
  <monitor>
    <monitor_id>37</monitor_id>
    <facility_id>523</facility_id>
    <entity_id>76</entity_id>
    <table_name>hts</table_name>
    <operation_id>3</operation_id>
    <user_id>1</user_id>
    <time_stamp>2019-06-29 18:21:57.056</time_stamp>
    <uploaded></uploaded>
    <time_uploaded></time_uploaded>
    <device_type></device_type>
    <uuid></uuid>
  </monitor>
  <monitor>
    <monitor_id>38</monitor_id>
    <facility_id>523</facility_id>
    <entity_id>122</entity_id>
    <table_name>hts</table_name>
    <operation_id>1</operation_id>
    <user_id>1</user_id>
    <time_stamp>2019-06-30 13:58:33.241</time_stamp>
    <uploaded></uploaded>
    <time_uploaded></time_uploaded>
    <device_type></device_type>
    <uuid></uuid>
  </monitor>
  <monitor>
    <monitor_id>39</monitor_id>
    <facility_id>523</facility_id>
    <entity_id>2001</entity_id>
    <table_name>hts</table_name>
    <operation_id>1</operation_id>
    <user_id>1</user_id>
    <time_stamp>2019-06-30 14:27:40.192</time_stamp>
    <uploaded></uploaded>
    <time_uploaded></time_uploaded>
    <device_type></device_type>
    <uuid></uuid>
  </monitor>
  <monitor>
    <monitor_id>40</monitor_id>
    <facility_id>523</facility_id>
    <entity_id>2552</entity_id>
    <table_name>hts</table_name>
    <operation_id>1</operation_id>
    <user_id>1</user_id>
    <time_stamp>2019-06-30 15:07:58.423</time_stamp>
    <uploaded></uploaded>
    <time_uploaded></time_uploaded>
    <device_type></device_type>
    <uuid></uuid>
  </monitor>
  <monitor>
    <monitor_id>41</monitor_id>
    <facility_id>523</facility_id>
    <entity_id>237721</entity_id>
    <table_name>hts</table_name>
    <operation_id>1</operation_id>
    <user_id>1</user_id>
    <time_stamp>2019-06-30 15:18:19.779</time_stamp>
    <uploaded></uploaded>
    <time_uploaded></time_uploaded>
    <device_type></device_type>
    <uuid></uuid>
  </monitor>
  <monitor>
    <monitor_id>42</monitor_id>
    <facility_id>523</facility_id>
    <entity_id>4456777</entity_id>
    <table_name>hts</table_name>
    <operation_id>2</operation_id>
    <user_id>1</user_id>
    <time_stamp>2019-06-30 15:21:05.944</time_stamp>
    <uploaded></uploaded>
    <time_uploaded></time_uploaded>
    <device_type></device_type>
    <uuid></uuid>
  </monitor>
  <monitor>
    <monitor_id>43</monitor_id>
    <facility_id>523</facility_id>
    <entity_id>0019</entity_id>
    <table_name>hts</table_name>
    <operation_id>1</operation_id>
    <user_id>1</user_id>
    <time_stamp>2019-06-30 15:24:54.863</time_stamp>
    <uploaded></uploaded>
    <time_uploaded></time_uploaded>
    <device_type></device_type>
    <uuid></uuid>
  </monitor>
  <monitor>
    <monitor_id>44</monitor_id>
    <facility_id>523</facility_id>
    <entity_id>6663</entity_id>
    <table_name>hts</table_name>
    <operation_id>1</operation_id>
    <user_id>1</user_id>
    <time_stamp>2019-06-30 15:28:16.206</time_stamp>
    <uploaded></uploaded>
    <time_uploaded></time_uploaded>
    <device_type></device_type>
    <uuid></uuid>
  </monitor>
  <monitor>
    <monitor_id>45</monitor_id>
    <facility_id>523</facility_id>
    <entity_id>0182</entity_id>
    <table_name>hts</table_name>
    <operation_id>1</operation_id>
    <user_id>1</user_id>
    <time_stamp>2019-06-30 15:33:51.46</time_stamp>
    <uploaded></uploaded>
    <time_uploaded></time_uploaded>
    <device_type></device_type>
    <uuid></uuid>
  </monitor>
  <monitor>
    <monitor_id>46</monitor_id>
    <facility_id>523</facility_id>
    <entity_id>6366D</entity_id>
    <table_name>hts</table_name>
    <operation_id>1</operation_id>
    <user_id>1</user_id>
    <time_stamp>2019-06-30 15:36:17.081</time_stamp>
    <uploaded></uploaded>
    <time_uploaded></time_uploaded>
    <device_type></device_type>
    <uuid></uuid>
  </monitor>
  <monitor>
    <monitor_id>47</monitor_id>
    <facility_id>523</facility_id>
    <entity_id>63636</entity_id>
    <table_name>hts</table_name>
    <operation_id>1</operation_id>
    <user_id>1</user_id>
    <time_stamp>2019-06-30 15:49:01.948</time_stamp>
    <uploaded></uploaded>
    <time_uploaded></time_uploaded>
    <device_type></device_type>
    <uuid></uuid>
  </monitor>
  <monitor>
    <monitor_id>48</monitor_id>
    <facility_id>523</facility_id>
    <entity_id>63636</entity_id>
    <table_name>hts</table_name>
    <operation_id>2</operation_id>
    <user_id>1</user_id>
    <time_stamp>2019-06-30 15:54:41.925</time_stamp>
    <uploaded></uploaded>
    <time_uploaded></time_uploaded>
    <device_type></device_type>
    <uuid></uuid>
  </monitor>
  <monitor>
    <monitor_id>49</monitor_id>
    <facility_id>523</facility_id>
    <entity_id>63636</entity_id>
    <table_name>hts</table_name>
    <operation_id>2</operation_id>
    <user_id>1</user_id>
    <time_stamp>2019-06-30 15:55:14.913</time_stamp>
    <uploaded></uploaded>
    <time_uploaded></time_uploaded>
    <device_type></device_type>
    <uuid></uuid>
  </monitor>
  <monitor>
    <monitor_id>50</monitor_id>
    <facility_id>523</facility_id>
    <entity_id>63636</entity_id>
    <table_name>hts</table_name>
    <operation_id>2</operation_id>
    <user_id>1</user_id>
    <time_stamp>2019-06-30 15:55:46.091</time_stamp>
    <uploaded></uploaded>
    <time_uploaded></time_uploaded>
    <device_type></device_type>
    <uuid></uuid>
  </monitor>
  <monitor>
    <monitor_id>51</monitor_id>
    <facility_id>523</facility_id>
    <entity_id>63636</entity_id>
    <table_name>hts</table_name>
    <operation_id>2</operation_id>
    <user_id>1</user_id>
    <time_stamp>2019-06-30 16:07:42.506</time_stamp>
    <uploaded></uploaded>
    <time_uploaded></time_uploaded>
    <device_type></device_type>
    <uuid></uuid>
  </monitor>
  <monitor>
    <monitor_id>52</monitor_id>
    <facility_id>523</facility_id>
    <entity_id>63636</entity_id>
    <table_name>hts</table_name>
    <operation_id>2</operation_id>
    <user_id>1</user_id>
    <time_stamp>2019-06-30 16:14:10.112</time_stamp>
    <uploaded></uploaded>
    <time_uploaded></time_uploaded>
    <device_type></device_type>
    <uuid></uuid>
  </monitor>
  <monitor>
    <monitor_id>53</monitor_id>
    <facility_id>523</facility_id>
    <entity_id>63636</entity_id>
    <table_name>hts</table_name>
    <operation_id>2</operation_id>
    <user_id>1</user_id>
    <time_stamp>2019-06-30 16:16:03.378</time_stamp>
    <uploaded></uploaded>
    <time_uploaded></time_uploaded>
    <device_type></device_type>
    <uuid></uuid>
  </monitor>
  <monitor>
    <monitor_id>54</monitor_id>
    <facility_id>523</facility_id>
    <entity_id>63636</entity_id>
    <table_name>hts</table_name>
    <operation_id>2</operation_id>
    <user_id>1</user_id>
    <time_stamp>2019-06-30 16:16:15.884</time_stamp>
    <uploaded></uploaded>
    <time_uploaded></time_uploaded>
    <device_type></device_type>
    <uuid></uuid>
  </monitor>
  <monitor>
    <monitor_id>55</monitor_id>
    <facility_id>523</facility_id>
    <entity_id>63636</entity_id>
    <table_name>hts</table_name>
    <operation_id>2</operation_id>
    <user_id>1</user_id>
    <time_stamp>2019-06-30 16:16:42.978</time_stamp>
    <uploaded></uploaded>
    <time_uploaded></time_uploaded>
    <device_type></device_type>
    <uuid></uuid>
  </monitor>
  <monitor>
    <monitor_id>56</monitor_id>
    <facility_id>523</facility_id>
    <entity_id>63636</entity_id>
    <table_name>hts</table_name>
    <operation_id>2</operation_id>
    <user_id>1</user_id>
    <time_stamp>2019-06-30 16:35:14.13</time_stamp>
    <uploaded></uploaded>
    <time_uploaded></time_uploaded>
    <device_type></device_type>
    <uuid></uuid>
  </monitor>
  <monitor>
    <monitor_id>57</monitor_id>
    <facility_id>523</facility_id>
    <entity_id>63636</entity_id>
    <table_name>hts</table_name>
    <operation_id>2</operation_id>
    <user_id>1</user_id>
    <time_stamp>2019-06-30 16:40:56.556</time_stamp>
    <uploaded></uploaded>
    <time_uploaded></time_uploaded>
    <device_type></device_type>
    <uuid></uuid>
  </monitor>
  <monitor>
    <monitor_id>58</monitor_id>
    <facility_id>523</facility_id>
    <entity_id>63636</entity_id>
    <table_name>hts</table_name>
    <operation_id>2</operation_id>
    <user_id>1</user_id>
    <time_stamp>2019-06-30 16:44:41.229</time_stamp>
    <uploaded></uploaded>
    <time_uploaded></time_uploaded>
    <device_type></device_type>
    <uuid></uuid>
  </monitor>
  <monitor>
    <monitor_id>59</monitor_id>
    <facility_id>523</facility_id>
    <entity_id>63636</entity_id>
    <table_name>hts</table_name>
    <operation_id>2</operation_id>
    <user_id>1</user_id>
    <time_stamp>2019-06-30 16:44:58.065</time_stamp>
    <uploaded></uploaded>
    <time_uploaded></time_uploaded>
    <device_type></device_type>
    <uuid></uuid>
  </monitor>
  <monitor>
    <monitor_id>60</monitor_id>
    <facility_id>523</facility_id>
    <entity_id>63636</entity_id>
    <table_name>hts</table_name>
    <operation_id>2</operation_id>
    <user_id>1</user_id>
    <time_stamp>2019-06-30 16:45:06.673</time_stamp>
    <uploaded></uploaded>
    <time_uploaded></time_uploaded>
    <device_type></device_type>
    <uuid></uuid>
  </monitor>
  <monitor>
    <monitor_id>61</monitor_id>
    <facility_id>523</facility_id>
    <entity_id>63636</entity_id>
    <table_name>hts</table_name>
    <operation_id>2</operation_id>
    <user_id>1</user_id>
    <time_stamp>2019-06-30 16:45:14.424</time_stamp>
    <uploaded></uploaded>
    <time_uploaded></time_uploaded>
    <device_type></device_type>
    <uuid></uuid>
  </monitor>
  <monitor>
    <monitor_id>62</monitor_id>
    <facility_id>523</facility_id>
    <entity_id>63636</entity_id>
    <table_name>hts</table_name>
    <operation_id>2</operation_id>
    <user_id>1</user_id>
    <time_stamp>2019-06-30 16:45:23.987</time_stamp>
    <uploaded></uploaded>
    <time_uploaded></time_uploaded>
    <device_type></device_type>
    <uuid></uuid>
  </monitor>
  <monitor>
    <monitor_id>63</monitor_id>
    <facility_id>523</facility_id>
    <entity_id>63636</entity_id>
    <table_name>hts</table_name>
    <operation_id>2</operation_id>
    <user_id>1</user_id>
    <time_stamp>2019-06-30 16:45:33.242</time_stamp>
    <uploaded></uploaded>
    <time_uploaded></time_uploaded>
    <device_type></device_type>
    <uuid></uuid>
  </monitor>
  <monitor>
    <monitor_id>64</monitor_id>
    <facility_id>523</facility_id>
    <entity_id>63636</entity_id>
    <table_name>hts</table_name>
    <operation_id>2</operation_id>
    <user_id>1</user_id>
    <time_stamp>2019-06-30 16:50:25.191</time_stamp>
    <uploaded></uploaded>
    <time_uploaded></time_uploaded>
    <device_type></device_type>
    <uuid></uuid>
  </monitor>
  <monitor>
    <monitor_id>65</monitor_id>
    <facility_id>523</facility_id>
    <entity_id>PI.040/064856#07/15/2019</entity_id>
    <table_name>clinic</table_name>
    <operation_id>1</operation_id>
    <user_id>1</user_id>
    <time_stamp>2019-07-15 23:31:22.353</time_stamp>
    <uploaded></uploaded>
    <time_uploaded></time_uploaded>
    <device_type></device_type>
    <uuid></uuid>
  </monitor>
  <monitor>
    <monitor_id>66</monitor_id>
    <facility_id>523</facility_id>
    <entity_id>PI.040/064856#07/16/2019</entity_id>
    <table_name>clinic</table_name>
    <operation_id>1</operation_id>
    <user_id>1</user_id>
    <time_stamp>2019-07-16 00:03:55.011</time_stamp>
    <uploaded></uploaded>
    <time_uploaded></time_uploaded>
    <device_type></device_type>
    <uuid></uuid>
  </monitor>
  <monitor>
    <monitor_id>67</monitor_id>
    <facility_id>523</facility_id>
    <entity_id>PI.040/064856#06/29/2019</entity_id>
    <table_name>clinic</table_name>
    <operation_id>1</operation_id>
    <user_id>1</user_id>
    <time_stamp>2019-07-16 00:20:15.913</time_stamp>
    <uploaded></uploaded>
    <time_uploaded></time_uploaded>
    <device_type></device_type>
    <uuid></uuid>
  </monitor>
  <monitor>
    <monitor_id>68</monitor_id>
    <facility_id>523</facility_id>
    <entity_id>PI.040/064856#06/29/2019</entity_id>
    <table_name>clinic</table_name>
    <operation_id>1</operation_id>
    <user_id>1</user_id>
    <time_stamp>2019-07-16 00:25:23.616</time_stamp>
    <uploaded></uploaded>
    <time_uploaded></time_uploaded>
    <device_type></device_type>
    <uuid></uuid>
  </monitor>
  <monitor>
    <monitor_id>69</monitor_id>
    <facility_id>523</facility_id>
    <entity_id>PI.040/064856#07/16/2019</entity_id>
    <table_name>clinic</table_name>
    <operation_id>1</operation_id>
    <user_id>1</user_id>
    <time_stamp>2019-07-16 00:33:58.875</time_stamp>
    <uploaded></uploaded>
    <time_uploaded></time_uploaded>
    <device_type></device_type>
    <uuid></uuid>
  </monitor>
  <monitor>
    <monitor_id>70</monitor_id>
    <facility_id>523</facility_id>
    <entity_id>PI.040/064856#07/16/2019</entity_id>
    <table_name>clinic</table_name>
    <operation_id>1</operation_id>
    <user_id>1</user_id>
    <time_stamp>2019-07-16 00:41:39.589</time_stamp>
    <uploaded></uploaded>
    <time_uploaded></time_uploaded>
    <device_type></device_type>
    <uuid></uuid>
  </monitor>
  <monitor>
    <monitor_id>71</monitor_id>
    <facility_id>523</facility_id>
    <entity_id>PI.028/063012#07/16/2019</entity_id>
    <table_name>clinic</table_name>
    <operation_id>1</operation_id>
    <user_id>1</user_id>
    <time_stamp>2019-07-16 00:47:40.588</time_stamp>
    <uploaded></uploaded>
    <time_uploaded></time_uploaded>
    <device_type></device_type>
    <uuid></uuid>
  </monitor>
  <monitor>
    <monitor_id>72</monitor_id>
    <facility_id>523</facility_id>
    <entity_id>PI.028/063012#07/16/2019</entity_id>
    <table_name>clinic</table_name>
    <operation_id>1</operation_id>
    <user_id>1</user_id>
    <time_stamp>2019-07-16 00:49:22.975</time_stamp>
    <uploaded></uploaded>
    <time_uploaded></time_uploaded>
    <device_type></device_type>
    <uuid></uuid>
  </monitor>
  <monitor>
    <monitor_id>73</monitor_id>
    <facility_id>523</facility_id>
    <entity_id>PI.028/063012#07/16/2019</entity_id>
    <table_name>clinic</table_name>
    <operation_id>1</operation_id>
    <user_id>1</user_id>
    <time_stamp>2019-07-16 00:55:23.612</time_stamp>
    <uploaded></uploaded>
    <time_uploaded></time_uploaded>
    <device_type></device_type>
    <uuid></uuid>
  </monitor>
  <monitor>
    <monitor_id>74</monitor_id>
    <facility_id>523</facility_id>
    <entity_id>PI.028/063012#07/16/2019</entity_id>
    <table_name>clinic</table_name>
    <operation_id>1</operation_id>
    <user_id>1</user_id>
    <time_stamp>2019-07-16 01:00:51.109</time_stamp>
    <uploaded></uploaded>
    <time_uploaded></time_uploaded>
    <device_type></device_type>
    <uuid></uuid>
  </monitor>
  <monitor>
    <monitor_id>75</monitor_id>
    <facility_id>523</facility_id>
    <entity_id>PI.040/064856#07/16/2019</entity_id>
    <table_name>clinic</table_name>
    <operation_id>1</operation_id>
    <user_id>1</user_id>
    <time_stamp>2019-07-16 01:07:07.482</time_stamp>
    <uploaded></uploaded>
    <time_uploaded></time_uploaded>
    <device_type></device_type>
    <uuid></uuid>
  </monitor>
  <monitor>
    <monitor_id>76</monitor_id>
    <facility_id>523</facility_id>
    <entity_id>PI.040/064856#07/16/2019</entity_id>
    <table_name>clinic</table_name>
    <operation_id>1</operation_id>
    <user_id>1</user_id>
    <time_stamp>2019-07-16 01:19:59.548</time_stamp>
    <uploaded></uploaded>
    <time_uploaded></time_uploaded>
    <device_type></device_type>
    <uuid></uuid>
  </monitor>
  <monitor>
    <monitor_id>107</monitor_id>
    <facility_id>523</facility_id>
    <entity_id>333</entity_id>
    <table_name>hts</table_name>
    <operation_id>1</operation_id>
    <user_id>1</user_id>
    <time_stamp>2019-07-23 13:34:53.236</time_stamp>
    <uploaded></uploaded>
    <time_uploaded></time_uploaded>
    <device_type></device_type>
    <uuid></uuid>
  </monitor>
  <monitor>
    <monitor_id>108</monitor_id>
    <facility_id>523</facility_id>
    <entity_id>333</entity_id>
    <table_name>hts</table_name>
    <operation_id>1</operation_id>
    <user_id>1</user_id>
    <time_stamp>2019-07-23 13:34:53.283</time_stamp>
    <uploaded></uploaded>
    <time_uploaded></time_uploaded>
    <device_type></device_type>
    <uuid></uuid>
  </monitor>
  <monitor>
    <monitor_id>139</monitor_id>
    <facility_id>523</facility_id>
    <entity_id>PI.028/063012#03/19/2019</entity_id>
    <table_name>clinic</table_name>
    <operation_id>1</operation_id>
    <user_id>1</user_id>
    <time_stamp>2019-07-30 14:26:47.653</time_stamp>
    <uploaded></uploaded>
    <time_uploaded></time_uploaded>
    <device_type></device_type>
    <uuid></uuid>
  </monitor>
  <monitor>
    <monitor_id>140</monitor_id>
    <facility_id>523</facility_id>
    <entity_id>PM.544/039053#08/20/2019</entity_id>
    <table_name>pharmacy</table_name>
    <operation_id>1</operation_id>
    <user_id>1</user_id>
    <time_stamp>2019-08-20 08:28:47.304</time_stamp>
    <uploaded></uploaded>
    <time_uploaded></time_uploaded>
    <device_type></device_type>
    <uuid></uuid>
  </monitor>
  <monitor>
    <monitor_id>141</monitor_id>
    <facility_id>523</facility_id>
    <entity_id>PM.544/039053#08/20/2019</entity_id>
    <table_name>pharmacy</table_name>
    <operation_id>2</operation_id>
    <user_id>1</user_id>
    <time_stamp>2019-08-20 08:32:47.784</time_stamp>
    <uploaded></uploaded>
    <time_uploaded></time_uploaded>
    <device_type></device_type>
    <uuid></uuid>
  </monitor>
  <monitor>
    <monitor_id>142</monitor_id>
    <facility_id>523</facility_id>
    <entity_id>PM.544/039053#08/20/2019</entity_id>
    <table_name>laboratory</table_name>
    <operation_id>1</operation_id>
    <user_id>1</user_id>
    <time_stamp>2019-08-20 08:34:59.678</time_stamp>
    <uploaded></uploaded>
    <time_uploaded></time_uploaded>
    <device_type></device_type>
    <uuid></uuid>
  </monitor>
</monitors>
