<?xml version="1.0" encoding="UTF-8"?>

<users>
  <user>
    <user_id>1</user_id>
    <username>admin</username>
    <password>admin</password>
    <fullname></fullname>
    <user_group>Administrator</user_group>
    <facility_id>523</facility_id>
    <time_login></time_login>
    <view_identifier>1</view_identifier>
    <time_stamp>2018-08-30 17:06:28.054</time_stamp>
    <uploaded></uploaded>
    <time_uploaded></time_uploaded>
    <local_id></local_id>
    <state_ids>0</state_ids>
    <uuid>40178bc1-b5f9-44f7-91d1-42080ad982d0</uuid>
  </user>
</users>
